mean	std
-0.677307954123	0.252305429652
-0.419489852187	0.05844728304
-0.14105168283	0.0260586256017
-0.125983841673	0.025448752
-0.0550504430333	0.0283592002708
-0.0803792246887	0.0308024176067
0.0440226774093	0.0272648044933
-0.110636677361	0.0324007550212
0.0677923427023	0.0294655981622
