mean	std
4.61918266853	0.0252102375343
2.71184746361	0.0134140353885
1.28713348442	0.00814297383857
0.970680293407	0.00684739955162
0.757517144059	0.00688381046799
0.576448127156	0.0063404410255
0.211744831826	0.0052888802913
0.184418346981	0.00518456660796
0.109481119059	0.00462622940333
