mean	std
1.88060498008	0.0730284691577
1.9456893422	0.0753438054261
2.02959659669	0.0704843521449
1.95220670058	0.0679214696035
1.95294561201	0.0660703895589
1.81015630338	0.0642112481634
1.61168900256	0.0569415117751
1.16418458453	0.058586789212
1.51016524135	0.0514120682041
