mean	std
0.0919679771	0.380376855548
0.34321929508	0.274133226668
0.555554733923	0.212551170821
0.56114125475	0.205895164847
0.608375646237	0.201154129312
0.574544649953	0.199980251365
0.528004857364	0.187187394489
0.484942002505	0.196445759823
0.525470082789	0.188069934658
