mean	std
-2.51927101101	22.560047311
-1.4643550927	16.9561521353
-0.826431626855	12.7586854367
-0.826978674629	12.7940063685
-0.997939048143	15.7898982473
-0.880568554579	14.3879126337
-0.700598865346	12.7407147873
-0.717042937995	12.7677096596
-0.560999074133	10.8612499966
