mean	std
9.29133203401	0.675455544118
5.60145053847	0.600076478531
2.65853312664	0.568196633396
2.06042779908	0.592170005911
1.62592466001	0.599552087363
1.29885049451	0.567036910222
0.591200474155	0.573468701528
0.627163310387	0.578183282632
0.428081517954	0.555480447962
