wl	c_mean	c_std	c_median	c_var	c_IQR
412.0	8.52733335913311	0.012537863498293134	8.527809999999999	0.00015719802110183135	0.00888750000000016
440.0	5.071808900928791	0.011172166031210294	5.071895	0.00012481729382892917	0.007509999999999906
488.0	2.3660075851393185	0.010342913720848973	2.3657250000000003	0.00010697586423692593	0.007917500000000022
510.0	1.7726389783281722	0.009751148000449055	1.77237	9.50848873266616e-05	0.007864999999999789
532.0	1.4050672755417952	0.00942895259211881	1.4047100000000001	8.890514698442401e-05	0.00784499999999988
555.0	1.0637405263157882	0.009446542538098929	1.0634299999999999	8.923716592411254e-05	0.008000000000000007
650.0	0.44391744582043363	0.008370612888714839	0.444315	7.0067160132719e-05	0.007327499999999931
676.0	0.38512244582043353	0.008007412276948718	0.38508000000000003	6.411865137302904e-05	0.006830000000000003
715.0	0.3105976934984523	0.007664802111991457	0.311165	5.8749191415988694e-05	0.006010000000000015
