wl	c_mean	c_std	c_median	c_var	c_IQR
412.0	5.31688072314	0.15321440145	5.25749	0.0234746528117	0.069375
440.0	3.4986632438	0.149474286835	3.43877	0.0223425624249	0.0629225
488.0	2.11567559917	0.137444446472	2.06042	0.0188909758661	0.0600275
510.0	1.75395264463	0.138244357528	1.697415	0.0191115023884	0.068245
532.0	1.54926229339	0.134568896763	1.495045	0.0181087879759	0.06639
555.0	1.30424942149	0.129675832793	1.251845	0.0168158216104	0.0657425
650.0	0.847808904959	0.122881885972	0.800115	0.0150999579	0.05348
676.0	0.790606198347	0.123372570747	0.74134	0.0152207912128	0.056045
715.0	0.71775214876	0.114237208739	0.67214	0.0130501398604	0.0522325
