wl	a_mean	a_std	a_median	a_var	a_IQR
412.0	4.646725252525257	0.006829404346905974	4.646725	4.664076373353822e-05	0.009602499999999736
440.0	2.7335266414141417	0.003754061035860226	2.73299	1.4092974260963954e-05	0.00457250000000009
488.0	1.3016937373737374	0.003175243982925722	1.30146	1.0082174351106004e-05	0.00406250000000008
510.0	0.9851939141414149	0.002951771848530003	0.985095	8.71295704577423e-06	0.003422499999999995
532.0	0.7745988888888887	0.0030878093956027215	0.7743249999999999	9.534566863572445e-06	0.0035450000000001314
555.0	0.5963545202020203	0.0029712706265669743	0.596115	8.8284491362997e-06	0.0036650000000000293
650.0	0.22026742424242393	0.0022342565227466893	0.22018500000000002	4.9919022094361265e-06	0.0024849999999999872
676.0	0.3550919444444445	0.003288302706652271	0.35492500000000005	1.081293469057665e-05	0.003502499999999964
715.0	0.11802643939393932	0.002019425710785345	0.11789000000000001	4.078080201380897e-06	0.002369999999999997
