wl	c_mean	c_std	c_median	c_var	c_IQR
412.0	8.99539272407734	0.04986709834469878	9.01656	0.00248672749731986	0.08010999999999946
440.0	6.688518945518455	0.049923827155980295	6.709969999999999	0.0024923885179001957	0.07696000000000058
488.0	4.670546766256592	0.046288402496971935	4.6894599999999995	0.002142616205721678	0.07167999999999974
510.0	4.1529209841827734	0.04417653717024029	4.17024	0.001951566436353622	0.06861999999999924
532.0	3.7895338312829514	0.042438771090047574	3.80525	0.0018010492916334575	0.07250000000000023
555.0	3.4198449736379604	0.04103296208976657	3.43528	0.0016837039778602203	0.06709000000000032
650.0	2.634537715289983	0.036957513254656245	2.64812	0.001365857785968092	0.05215000000000014
676.0	2.5532464850615106	0.03410019767739686	2.5654	0.001162823481637542	0.06166999999999989
715.0	2.296785430579965	0.03428590572740393	2.30935	0.0011755233315484295	0.052000000000000046
