wl	a_mean	a_std	a_median	a_var	a_IQR
412.0	4.609170348837214	0.014232374382967383	4.60792	0.00020256048057694617	0.012520000000001197
440.0	2.6928660631229233	0.005855038356754855	2.6922499999999996	3.428147415907059e-05	0.008025000000000393
488.0	1.2660721760797338	0.0036564019595875666	1.26591	1.3369275290075797e-05	0.004517499999999952
510.0	0.9498942026578073	0.003302075348844089	0.9495899999999999	1.0903701609443812e-05	0.003602500000000175
532.0	0.7380630398671101	0.0036957602045122676	0.73771	1.3658643489256557e-05	0.0030125000000000846
555.0	0.5573316777408635	0.003424390154356557	0.557075	1.1726447929254122e-05	0.0032075000000000298
650.0	0.195410631229236	0.002912268032262014	0.19523	8.481305091735264e-06	0.0023200000000000165
676.0	0.17039141196013288	0.002938999541094253	0.17021	8.63771830255223e-06	0.0024474999999999636
715.0	0.09780946843853822	0.0024263021547731418	0.09761	5.8869421462567904e-06	0.002125000000000002
