wl	c_mean	c_std	c_median	c_var	c_IQR
412.0	6.880195310344836	0.05240251774901394	6.881469999999999	0.0027460238664357207	0.058064999999999145
440.0	5.980056413793108	0.046005516584795667	5.98187	0.0021165075562339093	0.054524999999999046
488.0	4.8449950804597695	0.045480114119806854	4.8457300000000005	0.0020684407803506547	0.04683499999999974
510.0	4.444418367816092	0.041732392632046325	4.44344	0.0017415925947952742	0.04538000000000064
532.0	4.118984183908045	0.03932033201339378	4.12015	0.0015460885096435196	0.04335500000000003
555.0	3.7664314712643687	0.032402521864447774	3.7676300000000005	0.001049923423176016	0.036564999999999515
650.0	2.8964044827586215	0.032626864413723165	2.89426	0.0010645122814714751	0.035995000000000665
676.0	2.7329881609195397	0.030732384693678106	2.73237	0.0009444794689602203	0.03343499999999988
715.0	2.4636491034482764	0.027709177693627348	2.46302	0.0007677985284570153	0.0329900000000003
