wl	c_mean	c_std	c_median	c_var	c_IQR
412.0	1.3122763541666653	0.006649769366391339	1.311255	4.4219432626196665e-05	0.009924999999999962
440.0	0.8395051562500008	0.005133504696755007	0.839225	2.635287047160571e-05	0.006762500000000116
488.0	0.5240594010416668	0.005052670974298233	0.52349	2.5529483974515855e-05	0.006887499999999935
510.0	0.4292233593749994	0.0047997159311085795	0.42846000000000006	2.30372730193375e-05	0.006487499999999924
532.0	0.42916562499999994	0.004667383366884766	0.42844499999999996	2.1784467493472573e-05	0.005834999999999979
555.0	0.3462646614583334	0.004153306825583703	0.346215	1.7249957587440176e-05	0.005292500000000033
650.0	0.2677088802083332	0.004280521008066074	0.26676	1.8322860100494995e-05	0.005650000000000044
676.0	0.2678978906250002	0.0036619070034401477	0.26754	1.3409562901844003e-05	0.00473749999999995
715.0	0.2612527083333333	0.004012861107062877	0.260455	1.6103054264577903e-05	0.0054475000000000495
