mean	std
3.64856620148	0.00871057647711
2.209896725	0.00864366530311
1.15517036398	0.00776869361295
0.902680766832	0.00726375106292
0.782361145916	0.00716257863844
0.62380987599	0.00702923955145
0.377822681683	0.00641629806926
0.352957681683	0.00675454944174
0.312994810025	0.0063166695158
