mean	std
10.0202147372	0.263229821217
6.03258435664	0.17452826334
2.81186057723	0.108577634795
2.11728413387	0.104220674767
1.61737508284	0.0914102187912
1.24165017451	0.0888596085995
0.485670195766	0.082220569139
0.439838400622	0.0853699587917
0.278301180391	0.078611839239
