mean	std
39.1293683011	15.4631755137
27.1527810542	17.2872899277
16.6670182411	18.2491703254
14.1383886365	18.8921197131
12.1237694647	17.8982024041
10.5812783033	17.2669462212
6.84540531969	16.4674382257
6.21176570912	17.1742494177
5.78940550888	18.8362314214
