mean	std
4.41052456452	0.0100373961933
2.61791532851	0.00556454950655
1.22154558026	0.00413582942679
0.912698065058	0.00333562477213
0.706348354533	0.00333672171944
0.530660651491	0.00354521928706
0.181173362293	0.00271778463411
0.156725633308	0.00262234708149
0.101234260774	0.00249046343664
