mean	std
2.5636299972	0.149941469065
2.77469408109	0.148905635841
2.86755602356	0.138285862236
2.81769607763	0.131296621346
2.79281882233	0.12769852939
2.68528318463	0.129425747695
2.32339696411	0.127348067483
2.15973566945	0.12179211922
2.16808549919	0.115890519203
