mean	std
-0.634960493457	0.0142821965798
-0.302061967163	0.0105913500961
-0.033454720245	0.0090596207981
0.000611095824833	0.00845890277603
0.0692711184532	0.00876613494045
0.0680052612935	0.00829710105413
0.127266704453	0.00749451457439
0.128291629701	0.00725632623958
0.154957299895	0.0074976316712
