wl	a_mean	a_std	a_median	a_var	a_IQR
412.0	0.785566886957	0.00517165595429	0.78588	2.67460253095e-05	0.00719
440.0	0.491194730435	0.00327798265202	0.49101	1.07451702669e-05	0.00478
488.0	0.290257878261	0.00252908634102	0.29022	6.39627772035e-06	0.00351
510.0	0.234279443478	0.00208134848991	0.23432	4.33201153643e-06	0.002935
532.0	0.220809408696	0.00211115198789	0.2207	4.45696271595e-06	0.003
555.0	0.180740226087	0.00215456571798	0.18064	4.64215343312e-06	0.003005
650.0	0.112095217391	0.00166011814146	0.11208	2.7559922436e-06	0.002335
676.0	0.12257693913	0.00162955745947	0.12254	2.65545751371e-06	0.00219
715.0	0.0815266956522	0.00154631185453	0.08152	2.39108035146e-06	0.00224
