wl	a_mean	a_std	a_median	a_var	a_IQR
412.0	5.53401461916	0.130162412394	5.49168	0.0169422536003	0.126195
440.0	3.41584105651	0.127675237845	3.3789	0.0163009663587	0.120305
488.0	1.78036855037	0.123369967871	1.73745	0.0152201489725	0.106455
510.0	1.40307884521	0.126651677676	1.35846	0.016040647458	0.113865
532.0	1.12748090909	0.119374152859	1.08249	0.0142501883708	0.10306
555.0	0.905522039312	0.117839678718	0.85924	0.0138861898803	0.10689
650.0	0.460122358722	0.11941852256	0.40978	0.0142607835304	0.10623
676.0	0.44776985258	0.124479683788	0.39891	0.0154951916758	0.1063
715.0	0.317206216216	0.118003216792	0.26654	0.0139247591733	0.103905
