	wl	a_mean	a_std	a_median	a_IQR
0	412.0	7.07698471655	0.022043373009	7.0743	0.03208
1	440.0	4.62145115646	0.0204439497112	4.61853	0.0256
2	488.0	2.51757895692	0.0220067728893	2.51502	0.03351
3	510.0	2.04402725624	0.0194812739095	2.04078	0.02647
4	532.0	1.68460324263	0.0182024046403	1.68206	0.02905
5	555.0	1.41378170068	0.0165067049892	1.4115	0.02187
6	650.0	0.926232086168	0.0222238558291	0.93281	0.04184
7	676.0	1.13916825397	0.018479111128	1.13683	0.02881
8	715.0	0.67297600907	0.0173833995901	0.67944	0.03308
