	wl	c_mean	c_std	c_median	c_IQR
0	412.0	8.60223359223	0.00865787077402	8.6025	0.01378
1	440.0	6.30729203883	0.00488249663871	6.30703	0.00622
2	488.0	4.37301831715	0.00669204497818	4.37343	0.01039
3	510.0	3.8742463754	0.00719483308933	3.87451	0.00993
4	532.0	3.53886278317	0.00770192276686	3.53924	0.01004
5	555.0	3.18938304207	0.00660599888247	3.18927	0.00884
6	650.0	2.45885126214	0.00778941889864	2.4584	0.01258
7	676.0	2.36269174757	0.00657744844943	2.36319	0.00865
8	715.0	2.14786734628	0.00711619271655	2.14788	0.01151
