	wl	a_mean	a_std	a_median	a_var	a_IQR
0	412.0	11.6939336201	0.181440222256	11.66555	0.0329205542522	0.214355
1	440.0	9.13577758065	0.177836124854	9.107565	0.0316256873031	0.2200625
2	488.0	6.23146732975	0.160348116737	6.20273	0.025711518541	0.176245
3	510.0	5.41917333333	0.153200458053	5.39411	0.0234703803476	0.17112
4	532.0	4.6892240681	0.142119253008	4.65685	0.0201978820755	0.15541
5	555.0	4.14290405018	0.136009514319	4.123095	0.0184985879854	0.1504175
6	650.0	3.47648150538	0.136985463873	3.454525	0.0187650173126	0.1415525
7	676.0	3.70598641577	0.139912841537	3.687615	0.019575603227	0.1470825
8	715.0	2.66998439068	0.124649340592	2.63827	0.0155374581101	0.116815
