wl	mean	std
412.0	3.475966858048185	0.32999424338390504
440.0	2.1262588483098064	0.06911202514607595
488.0	1.0944978037875224	0.03512326468087822
510.0	0.8473077653733769	0.032549428596221036
532.0	0.6554435858417098	0.0319519231762955
555.0	0.5129082907815223	0.04804631370809006
650.0	0.2790794532524341	0.02211926299068151
676.0	0.2858085495478142	0.02879429469647905
715.0	0.21152765665957884	0.01927091381825587
