wl	mean	std
412.0	6.55498304963	6.36961065061
440.0	6.00810775593	6.77441517083
488.0	5.35221326813	7.12499053424
510.0	5.0168655451	7.14758421431
532.0	4.74025945371	6.98171138815
555.0	4.63256076343	7.33214014406
650.0	4.36329312172	7.28125581972
676.0	4.35383553111	7.21269142458
715.0	3.94805509529	7.25950683319
