wl	mean	std
412.0	1.2209206568056796	0.03999147314595395
440.0	1.1403924035630142	0.034707005306377305
488.0	1.0541577520019556	0.031246819992559315
510.0	1.0224796192786407	0.029701963153193695
532.0	0.9919755438659568	0.029418641292266946
555.0	0.9590879416133549	0.028538454315340436
650.0	0.822449498953733	0.030753664716492723
676.0	0.7665841904938204	0.026844493992884133
715.0	0.7557496474453562	0.02806705914615252
