wl	mean	std
412.0	2.978153447682108	1.7131573147418062
440.0	2.9124408225833687	1.6934655426774918
488.0	2.713342015017516	1.5957128089796158
510.0	2.602818756754241	1.3632444011928113
532.0	2.463536294353791	1.294620718899878
555.0	2.343096693733516	1.1319806859901442
650.0	1.7933354504105101	1.06420686605592
676.0	1.6151301953764183	1.1242865822926846
715.0	1.5431935789130728	1.2206365576471032
