wl	mean	std
412.0	23.881312427697054	26.76927034912172
440.0	23.1369825626881	31.87842334935671
488.0	22.185894239416225	34.059525083237965
510.0	21.40923704878017	33.17096947827137
532.0	21.220080256387796	32.863901427113056
555.0	20.91249909031234	32.746209105030594
650.0	20.610537475316548	32.11874292096235
676.0	18.983279436205386	31.296544194554784
715.0	19.627075866415797	33.78864572636683
