wl	mean	std
412.0		0.19504461987798272
440.0		0.193862050591962
488.0		0.19323805329958169
510.0		0.19617015766870335
532.0		0.1976152470574568
555.0		0.1945982186323773
650.0		0.19972424218118404
676.0		0.19693323636302185
715.0		0.2028136722473489
