wl	mean	std
412.0	2.0693450663655097	0.03385555494616682
440.0	1.547444589707568	0.02768452369637148
488.0	1.0347093652866979	0.0234226955438696
510.0	0.8323060071463311	0.023080110357583884
532.0	0.6500615657723479	0.02101057867212336
555.0	0.5159781368668035	0.020657834167256292
650.0	0.18720973284459141	0.018021730101404704
676.0	0.17720594567788361	0.01760193363942789
715.0	0.0	0.01749628553380693
