wl	mean	std
412.0	3.733552947595718	1.014508850613394
440.0	3.502045152206581	0.7888210536508012
488.0	3.235215501047593	0.6263179076438407
510.0	3.193990077683008	0.5807820616785518
532.0	3.263942621294127	0.5622432397345508
555.0	3.0487159517577953	0.5274998850957608
650.0	2.8831999943668087	0.4797331203136725
676.0	2.579907447310256	0.43732515006242884
715.0	2.5624617638619465	0.42590648570782547
