wl	mean	std
412.0	1.6736620384407799	0.04553333817374899
440.0	1.35358720053026	0.03958269434333025
488.0	0.7716854649819989	0.03437574215530111
510.0	0.5968993359398562	0.03244663020237557
532.0	0.4331221855197398	0.029927281293255132
555.0	0.3157958275413748	0.02882460014182698
650.0	0.16498000786962336	0.024258060104376138
676.0	0.27336292756208525	0.024554457201494555
715.0	0.0	0.020779161182552144
