wl	mean	std
412.0		0.08451262300516361
440.0		0.08337901425736048
488.0		0.08437960301343657
510.0		0.08271998411573013
532.0		0.08337045994077354
555.0		0.08475694662473263
650.0		0.08806441575349007
676.0		0.08853237427535066
715.0		0.0926134073420532
