wl	mean	std
412.0	-0.415754427088	0.353181401942
440.0	-0.224717673626	0.346298538586
488.0	-0.034384993958	0.334139488954
510.0	0.014439543785	0.335576442269
532.0	0.06835012351	0.330522755699
555.0	0.094579112892	0.322648414103
650.0	0.125463597702	0.321721829838
676.0	0.086848872728	0.331929956705
715.0	0.151556534901	0.313273900796
