wl	mean	std
412.0	0.5851064633042058	0.21503647950519478
440.0	0.569734138459991	0.2245903162210525
488.0	0.5621778438700944	0.22591090922689525
510.0	0.5506972528192305	0.2148064739026208
532.0	0.5372931409512258	0.2253958650044062
555.0	0.5199639652259664	0.22070580339312024
650.0	0.436398285037841	0.21328195559258004
676.0	0.39520401404146693	0.22670554436683527
715.0	0.42248323184283665	0.22397568339555324
