wl	mean	std
412.0		0.1567074310748506
440.0		0.15693467422855611
488.0		0.15459832019408296
510.0		0.1551104411647184
532.0		0.15519737690186064
555.0		0.15519239694094625
650.0		0.15559231371535254
676.0		0.15586417158315652
715.0		0.16089546094235055
