wl	mean	std
412.0	2.18253292493	0.136154127792
440.0	1.86506172803	0.116634855979
488.0	1.29209753935	0.101955406398
510.0	1.11244749959	0.0981126061201
532.0	0.934224042712	0.0978474523605
555.0	0.812657274488	0.0956852337341
650.0	0.603464037453	0.0908408707164
676.0	0.618950006246	0.0898766758719
715.0	0.454804545994	0.0906034070145
