wl	mean	std
412.0	5.3124634386365	0.222596520423756
440.0	5.149837891827357	0.22197358978013979
488.0	4.923107937175888	0.2191725641218903
510.0	4.697482114849561	0.21852730892124353
532.0	4.436732221583407	0.21542677392196005
555.0	4.127519494235726	0.2153235828919493
650.0	2.899642397340037	0.21296733396166398
676.0	2.7808490792939558	0.2184238579543858
715.0	2.5442223461690414	0.22109423122415986
