wl	mean	std
412.0	0.6044651061317705	0.14031119062788794
440.0	0.5739763129634836	0.137149584077178
488.0	0.42564086521311095	0.13423678155761565
510.0	0.3650805822783639	0.12919953593675948
532.0	0.3031457521421003	0.13000203823154502
555.0	0.2789096586641862	0.1281128809953979
650.0	0.22077822783440465	0.12939649162852995
676.0	0.2586534701446152	0.1298035652630264
715.0	0.16402940331269536	0.12790248270538485
