wl	mean	std
412.0		0.02393144157343575
440.0		0.02218609928717809
488.0		0.020575909002506356
510.0		0.02065256840696723
532.0		0.019891759607484398
555.0		0.018552842134729783
650.0		0.015674825624140343
676.0		0.016906464717047164
715.0		0.014857136816842647
