wl	mean	std
412.0	1.0563506190573504	0.06322666865996722
440.0	0.9663839022292544	0.058308456830426125
488.0	0.8554467576179257	0.05424832041287759
510.0	0.8228070014805198	0.053025921734161714
532.0	0.7870516126508058	0.051792846776197984
555.0	0.7588894240441969	0.050906349452889015
650.0	0.6878770879993126	0.048431030957387565
676.0	0.6832523661060376	0.04748950216854275
715.0	0.6551917645575287	0.04903737680530259
