wl	mean	std
412.0	9.38088983206	0.934433146976
440.0	9.0490675065	0.938517739061
488.0	8.79434772838	0.896817717625
510.0	8.69850136738	0.857083436044
532.0	8.55818015856	0.82503784407
555.0	8.40016924731	0.805448081883
650.0	6.99892657602	0.768720851825
676.0	6.84043404684	0.756187142172
715.0	6.55468508668	0.709050598966
