wl	mean	std
412.0	17.3263293781	27.5166454145
440.0	17.1288748068	32.5902834623
488.0	16.8336809713	34.7967920792
510.0	16.3923715037	33.9323028429
532.0	16.4798208027	33.5973259489
555.0	16.2799383269	33.5570333886
650.0	16.2472443536	32.9337263779
676.0	14.6294439051	32.1169207134
715.0	15.6790207711	34.5597022482
