wl	mean	std
412.0	1.595461634418026	0.27524590726751486
440.0	1.312623961685941	0.2120515389705011
488.0	1.009115654529158	0.18334418377341194
510.0	0.9124535994838936	0.17810295487499503
532.0	0.8273928430876374	0.1796924933926683
555.0	0.75940722608477	0.17964092013484007
650.0	0.5757608978905222	0.16857229722484157
676.0	0.5450039742670663	0.17727993749829304
715.0	0.49840733417828453	0.17120855409320973
