wl	mean	std
412.0	4.9944723978007906	0.13937765373518346
440.0	4.517366230984313	0.13833719873876815
488.0	3.8980107042951153	0.12959309666266242
510.0	3.670124091666786	0.12104453391219018
532.0	3.43896175028089	0.12074060626531975
555.0	3.2462943493147822	0.12308492191688968
650.0	2.6854189114710394	0.12066084132319375
676.0	2.568093359605738	0.11558361074271536
715.0	2.412049628373348	0.11041544903111462
