wl	mean	std
412.0	0.72303496063	0.456187780593
440.0	0.662475861107	0.27977692268
488.0	0.601932318682	0.213733587294
510.0	0.570090334428	0.206749817404
532.0	0.545811817245	0.202499335577
555.0	0.514207332614	0.201424153552
650.0	0.406741239303	0.188935814501
676.0	0.362527020902	0.198438940887
715.0	0.372653742215	0.189919177413
