wl	mean	std
412.0		0.29279099271977976
440.0		0.28906028251964583
488.0		0.2892745137201789
510.0		0.29425078596142223
532.0		0.3056280979103546
555.0		0.3009132635648454
650.0		0.3274140461551284
676.0		0.30669644862291706
715.0		0.3181255633579301
