wl	mean	std
412.0		0.3459401162468964
440.0		0.3461283622156766
488.0		0.3474174621454026
510.0		0.3505521015306323
532.0		0.3495913770967824
555.0		0.3481403316383141
650.0		0.35187239153205496
676.0		0.35891784796505494
715.0		0.3606637315001273
