wl	mean	std
412.0	1.8400246020870608	0.24901191053284905
440.0	1.5155909144881732	0.0740459983460147
488.0	1.0857002130388524	0.06613399709072305
510.0	0.9359975729467568	0.12572452369559528
532.0	0.799494885742422	0.27742560107771
555.0	0.7103396545373225	0.2344883791837659
650.0	0.5600220349828823	0.13486020142679878
676.0	0.5913878074851495	0.055527676060352284
715.0	0.4590657708885122	0.04863884906481751
