wl	mean	std
412.0	7.256240441540665	0.09403378552859412
440.0	4.7855089332134835	0.028147928802339538
488.0	2.8281726375887395	0.023656362498873356
510.0	2.1476273021860486	0.022140110613951387
532.0	1.588864266099999	0.021108392296827982
555.0	1.1775386235494936	0.022243404659256998
650.0	0.2853627533989922	0.020333318197922747
676.0	0.19290184402203425	0.021459552800331537
715.0	0.0	0.022908202301111704
