wl	mean	std
412.0	1.897880448228318	0.28866807786089355
440.0	1.747746760784712	0.2834546078250959
488.0	1.566282228407497	0.28845479528784385
510.0	1.4927700606726735	0.285087646750156
532.0	1.4026508223646263	0.2838883235563816
555.0	1.3180870610148052	0.2820622760265303
650.0	1.0184479699190914	0.2846130747878963
676.0	0.9377839688402327	0.2894454661323826
715.0	0.909576011367465	0.28869518639591085
