wl	mean	std
412.0	3.1544477957137307	0.28536478750529876
440.0	3.0017753164961403	0.156907585622708
488.0	2.812310491256263	0.14549252995880554
510.0	2.7341265187200294	0.17452345128521743
532.0	2.639466864538468	0.30256116428690194
555.0	2.53595469477746	0.264829564013379
650.0	2.125396876488157	0.18095942240650992
676.0	1.9767055521205887	0.12822984785527497
715.0	1.952983857484836	0.12065367388974432
