wl	mean	std
412.0	14.025609533	0.868998358049
440.0	13.5014348108	0.870452806022
488.0	12.4328419703	0.839861476402
510.0	11.9604713608	0.803893252622
532.0	11.4527601178	0.77900585437
555.0	10.9695637308	0.763769164955
650.0	9.48642630405	0.724451231849
676.0	9.19041445396	0.709012599328
715.0	8.46713794191	0.672261073935
