wl	mean	std
412.0	2.50234555436	0.252273718331
440.0	2.32172307375	0.248065528207
488.0	1.99192309362	0.255316774618
510.0	1.85785064295	0.254130766031
532.0	1.70579657451	0.252372839876
555.0	1.59699671968	0.251289110947
650.0	1.23922619775	0.253497830946
676.0	1.19643743898	0.258707773964
715.0	1.07360541468	0.258816277629
