mean	std
22.9790813581	0.866570153077
20.1534797021	0.86776070994
17.0766437684	0.837439071809
16.0872245868	0.80151216622
15.2193738494	0.77671796902
14.3670326123	0.761565789923
12.1058517825	0.722707238421
11.727664977	0.707185211737
10.7506558801	0.670646378927
