wl	mean	std
412.0	10.529061839320773	0.26317351548175344
440.0	10.082760118941438	0.2683073353730525
488.0	9.743114239302187	0.26617018209102444
510.0	9.70119125372522	0.25856906455562234
532.0	9.644502171565627	0.2615173202634048
555.0	9.3479327680981	0.26653255235203327
650.0	8.51813349536719	0.276967203896945
676.0	8.190061079864023	0.268125945134258
715.0	8.123489961606127	0.2760748607038327
