mean	std
5.44564147973637	0.31870225926768564
3.6266681884231033	0.3131778452556234
2.2347211012536725	0.3042856650270215
1.8719120416323818	0.3051192302071527
1.6627289316116414	0.302873849832488
1.4161020713289023	0.29567171961963407
0.9540347137904549	0.29445016045165867
0.8988788822159561	0.30316414787195256
0.8229093096308912	0.2868310979087548
