mean	std
8.9534718251	0.064917764048
6.65204489128	0.0684064163342
4.64380179812	0.0637424548642
4.126753226	0.0618272513671
3.76661373157	0.0596600179716
3.39746888153	0.0579731399477
2.61942547842	0.0502377832076
2.53725052308	0.050871822313
2.28351793822	0.0465659313203
