mean	std
17.438578098534094	0.05694233526665216
10.93060878663214	0.05623287301888181
5.880227010508011	0.057106667531163474
4.684281510887464	0.05714601050856265
3.8065211225964846	0.05771837898691092
3.025114222726195	0.058749259621367234
1.5722745135304663	0.06287801886620947
1.3585767965061697	0.0634318451879596
1.092425534040936	0.06449304655822281
