mean	std
3.846837539494886	0.25342713583455734
4.10004123748353	0.25174787615672206
4.267910989098842	0.25010213855086166
4.319471964865264	0.25210984652435825
4.344629395524685	0.2498330288798708
4.313119450207423	0.24689687902821034
4.295302273656963	0.24073145182203728
4.3250869786044674	0.24475674766999791
4.300876858446838	0.23896703906023822
