mean	std
6.954347840345115	0.250242451027181
6.639398061352497	0.2492303630671194
6.2899990105157	0.2482548871497776
6.205192570973264	0.2504769603869866
6.111628946855954	0.24838915720945326
5.98830368028581	0.24562278293412532
5.788121078834165	0.23976119189141562
5.8131236029966535	0.24386813217982145
5.690224118543899	0.2383370741259986
