mean	std
13.248516882348076	0.1094076535633863
9.186862391246985	0.11796627402292724
5.952625178373306	0.12114541742797377
5.065446659340402	0.11170070776209848
4.370537852131412	0.10521477348254824
3.8515628459405753	0.1194763616933726
3.0363930243914417	0.11744218899340286
3.052996592360069	0.1210502977414121
2.658931320441916	0.12139422880536636
