wl	mean	std
412.0	3.8745179869393525	0.14358831126078034
440.0	3.9262041682317346	0.14241313868822217
488.0	4.000739821515963	0.14197937409120914
510.0	4.063102075817342	0.1429737548579405
532.0	4.157156483227816	0.1435646638180242
555.0	4.0966963166080586	0.14386860902031245
650.0	4.2395484639033025	0.14547041548715958
676.0	4.2362739811573284	0.14577902628177108
715.0	4.251723188931533	0.15136130073389711
