mean	std
9.147788063439314	0.25111161446114133
5.382436256060117	0.05337749132261323
2.4046772413845336	0.0166689482707304
1.774920868818682	0.012762265172240413
1.335794056995394	0.01899369969682617
0.9964502810378958	0.020119627399863213
0.3166505371788136	0.02280132934154116
0.2573614472567872	0.025725612860430003
0.1525475884271979	0.024022982451775417
