mean	std
4.239384	0.242641182943
2.4369779604	0.0487071769955
1.09992483168	0.0445504655306
0.819111207921	0.114746983368
0.629009188119	0.274198908082
0.474481386139	0.230942121754
0.179822594059	0.128404101901
0.169927564356	0.0395468031413
0.0978931683168	0.0329665932137
