wl	mean	std
412.0	9.380092748169771	0.02283539329865324
440.0	8.189997967564926	0.0214643739598973
488.0	7.228596112643619	0.01984400065634973
510.0	6.980141541212153	0.019955469959152074
532.0	6.796268409728312	0.01915864499931219
555.0	6.558241338499009	0.01789417914758409
650.0	6.250258888322956	0.014958908266443725
676.0	6.2178781837725765	0.016134106106783452
715.0	6.124142909712446	0.014245468127296169
