wl	mean	std
412.0	8.4798275870196	0.10933682016253751
440.0	7.704849158098514	0.10492292212147283
488.0	7.085309485268691	0.1018021185857034
510.0	6.966431023149778	0.10153142507235506
532.0	6.9196970057348155	0.10396506834457248
555.0	6.745727368996847	0.10268801045841643
650.0	6.674597998435554	0.10716164123265537
676.0	6.6239742194456435	0.10006645801187238
715.0	6.573743174689831	0.10548814998079027
