wl	mean	std
412.0	1.29799280437	0.00960131267475
440.0	0.827978428251	0.00800719884174
488.0	0.515358576998	0.0079960177803
510.0	0.419928156668	0.00752650005181
532.0	0.422549404791	0.00738008117396
555.0	0.338196033851	0.00706747740152
650.0	0.260686764256	0.00720238837824
676.0	0.259600779323	0.0065848665764
715.0	0.253171998752	0.0071331988611
