wl	mean	std
412.0	4.220128292	0.0308572131436
440.0	2.62214465969	0.0293365350457
488.0	1.43730390349	0.0271210902851
510.0	1.14390358289	0.0260671820229
532.0	0.990724701807	0.0255906950443
555.0	0.796608281478	0.0246115998617
650.0	0.459604457967	0.0212732124135
676.0	0.424875477377	0.0207558900166
715.0	0.371852323514	0.0200896768973
