mean	std
11.717586545950262	0.3418893368567006
9.158722853371405	0.34947132614949444
6.252699443345627	0.31306513021401156
5.436516518837265	0.2959002157960418
4.7082480788012475	0.270243120860303
4.156707061628293	0.25424609306330104
3.4952362038880747	0.2557022874403954
3.7230463456652703	0.26129611251536516
2.6858055521080892	0.22437242604466487
