mean	std
2.9270265705936174	0.31228458834263007
2.9451079218046665	0.18471107034587708
2.8761577613985994	0.16794423760981317
2.943638169941776	0.16708518451357982
2.984341153842791	0.18154687686517113
2.7525167082154436	0.18473650172267955
2.6061608133807987	0.21461221301135597
2.5543517099633433	0.18117384169203485
2.4768149431008752	0.19440400278403233
