wl	mean	std
412.0	13.248516882348076	0.1094076535633863
440.0	9.186862391246985	0.11796627402292724
488.0	5.952625178373306	0.12114541742797377
510.0	5.065446659340402	0.11170070776209848
532.0	4.370537852131412	0.10521477348254824
555.0	3.8515628459405753	0.1194763616933726
650.0	3.0363930243914417	0.11744218899340286
676.0	3.052996592360069	0.1210502977414121
715.0	2.658931320441916	0.12139422880536636
