mean	std
4.309702078110022	0.030326232516533564
2.8900027955816205	0.027946306789140462
1.8297085324090243	0.025414861341602674
1.5555647025154988	0.025127802350666667
1.3588344800487064	0.023554473746944467
1.224060044694674	0.02318082178906614
0.9583830164148042	0.020923552675813924
0.9256632028165748	0.020091170301468817
0.8680887877172218	0.01898347313307956
