mean	std
4.28964854965	0.127721599814
3.09389442099	0.115397465113
1.8730589311	0.10124132814
1.54911212968	0.0975250430256
1.29041640693	0.0969906615898
1.08477083541	0.0949919518877
0.728333871234	0.0902484495168
0.74358298722	0.0893100812426
0.526843469774	0.0901611542878
