wl	mean	std
412.0	39.1293683011	15.4631755137
440.0	27.1527810542	17.2872899277
488.0	16.6670182411	18.2491703254
510.0	14.1383886365	18.8921197131
532.0	12.1237694647	17.8982024041
555.0	10.5812783033	17.2669462212
650.0	6.84540531969	16.4674382257
676.0	6.21176570912	17.1742494177
715.0	5.78940550888	18.8362314214
