wl	mean	std
412.0	-0.5081767934908998	0.6968822964708306
440.0	-0.33432669262958914	0.44484667232572034
488.0	-0.21337547766790932	0.26898873033869924
510.0	-0.10856622072904187	0.21947358142192563
532.0	-0.059595325232113416	0.20142983325337308
555.0	-0.18477645223294115	0.19768066773285944
650.0	-0.20791314819663964	0.19236719211099382
676.0	-0.20535086592101204	0.16570455727309302
715.0	-0.24744794006633147	0.16962980433819244
