wl	mean	std
412.0	8.51672107991	0.0190708156323
440.0	5.06317969004	0.0166416321472
488.0	2.35829965663	0.0150396902775
510.0	1.76597178914	0.0137765262976
532.0	1.39835788599	0.0134995015322
555.0	1.05678759838	0.0132207901226
650.0	0.437914155239	0.0117354474007
676.0	0.37977642886	0.0111923880905
715.0	0.305363929002	0.0110403777482
