wl	mean	std
412.0	11.717586546	0.341889336857
440.0	9.15872285337	0.349471326149
488.0	6.25269944334	0.313065130214
510.0	5.43651651884	0.295900215796
532.0	4.7082480788	0.270243120861
555.0	4.15670706163	0.254246093063
650.0	3.49523620389	0.25570228744
676.0	3.72304634567	0.261296112515
715.0	2.68580555211	0.224372426044
