mean	std
4.289648549650914	0.12772159981475895
3.0938944209935095	0.11539746511268248
1.8730589310990295	0.10124132814018054
1.549112129681493	0.09752504302560269
1.2904164069241049	0.0969906615897296
1.084770835411856	0.09499195188767609
0.7283338712346953	0.09024844951682823
0.7435829872205795	0.08931008124263075
0.5268434697739973	0.09016115428775996
