wl	mean	std
412.0	4.41052456452	0.0100373961933
440.0	2.61791532851	0.00556454950655
488.0	1.22154558026	0.00413582942679
510.0	0.912698065058	0.00333562477213
532.0	0.706348354533	0.00333672171944
555.0	0.530660651491	0.00354521928706
650.0	0.181173362293	0.00271778463411
676.0	0.156725633308	0.00262234708149
715.0	0.101234260774	0.00249046343664
