wl	mean	std
412.0	5.11191743201	0.180841723045
440.0	3.47567520586	0.194863464812
488.0	2.14140804975	0.196216538209
510.0	1.79380624341	0.188456587245
532.0	1.59064886126	0.198358642973
555.0	1.36064896252	0.193888029512
650.0	0.918385027626	0.188570038367
676.0	0.86807697045	0.200629972447
715.0	0.790738393497	0.19757750894
