wl	mean	std
412.0	4.09678864716361	0.4356386137178326
440.0	2.8640186175664564	0.09873659644448282
488.0	1.922015817484242	0.050276085671138844
510.0	1.6831062580158944	0.04514826355698015
532.0	1.4968094794464233	0.043823252793196675
555.0	1.3600350258975071	0.0664919000714686
650.0	1.1167622844614953	0.08669332394179312
676.0	1.0974094727322552	0.14595478989062688
715.0	1.0318228489997254	0.13207548470046943
