mean	std
23.77757872166885	0.23935384808433469
19.269622510188423	0.24098295460080846
15.695739417675492	0.23700285582788044
14.766637913065622	0.23319715485103132
14.01504002369704	0.2394183790747241
13.199495614038677	0.238254067037278
11.554526519758632	0.25083493432719806
11.243057672224092	0.23924537168115634
10.782421282048043	0.2479531607489426
