wl	mean	std
412.0	1.98398293387	0.00932844187283
440.0	1.14705030637	0.00602468163011
488.0	0.541003924346	0.00519886983897
510.0	0.407002719691	0.00445843733027
532.0	0.335149707619	0.0047749907961
555.0	0.254267755314	0.00474977218251
650.0	0.110241513582	0.00414265592187
676.0	0.109922974522	0.00375180667875
715.0	0.0738995131643	0.00349626922565
