mean	std
11.717586546	0.341889336857
9.15872285337	0.349471326149
6.25269944334	0.313065130214
5.43651651884	0.295900215796
4.7082480788	0.270243120861
4.15670706163	0.254246093063
3.49523620389	0.25570228744
3.72304634567	0.261296112515
2.68580555211	0.224372426044
