mean	std
5.439816475943107	0.1468953673060494
3.326468064790589	0.14422810556179333
1.703034580275154	0.13512057791613055
1.327464750888398	0.13706720652414353
1.0593441972064792	0.12965512948991278
0.8389054656355458	0.1266266216101348
0.3962281608862495	0.1277635197652456
0.37799561303539386	0.13345901581402803
0.25923134466695047	0.12427172275273803
