wl	mean	std
412.0	3.77556407106	0.0101603059404
440.0	2.31585336135	0.00901179702656
488.0	1.18809086002	0.00806049898938
510.0	0.913309160882	0.00777345763183
532.0	0.775619472986	0.00810625745713
555.0	0.598665912785	0.0075015535797
650.0	0.308440066746	0.00698436793048
676.0	0.285017263009	0.00676591208038
715.0	0.256191560669	0.00707192141838
