wl	mean	std
412.0	3.64856620148	0.00871057647711
440.0	2.209896725	0.00864366530311
488.0	1.15517036398	0.00776869361295
510.0	0.902680766832	0.00726375106292
532.0	0.782361145916	0.00716257863844
555.0	0.62380987599	0.00702923955145
650.0	0.377822681683	0.00641629806926
676.0	0.352957681683	0.00675454944174
715.0	0.312994810025	0.0063166695158
