wl	mean	std
412.0	24.77186348956863	0.09031752618635368
440.0	16.15049739347143	0.026916226735818047
488.0	9.627009736067189	0.02271849921926571
510.0	7.855180255750341	0.021222533264545297
532.0	6.487523116885864	0.020145214653723546
555.0	5.471856658787129	0.02130290135090439
650.0	3.3661411651421886	0.01938516106659856
676.0	3.1229592266818975	0.02053266749512975
715.0	2.7038088463663317	0.0213372083555388
