mean	std
2.0677819349671376	0.24381727272989967
2.2960557279468436	0.24459706890850522
2.441710390617276	0.247165316263136
2.479198787875864	0.24927725437505274
2.485847695050894	0.24996017202409881
2.4584211650325702	0.25066926028929887
2.4166517078372367	0.26116682941318825
2.465078396474	0.2667797010158144
2.4355303385374834	0.2745500788313923
