wl	mean	std
412.0	31.452866625660533	0.06800524323735091
440.0	22.603351440878356	0.06644405570372604
488.0	15.835102637792948	0.06153040890001473
510.0	14.021082962624087	0.06047762363030122
532.0	12.608857552877723	0.05928868063929286
555.0	11.452416797225709	0.0585445031724224
650.0	9.143012282836038	0.0555426472600096
676.0	8.873145928570016	0.05550709370492224
715.0	8.386522133250295	0.05519615262185575
