mean	std
23.204246621034844	0.09515139272939459
20.92150509938367	0.08978226390105587
18.580331691343734	0.0798401317303065
17.743788372207508	0.07592137409789157
16.919269547757935	0.07302302648410691
16.122838169755198	0.07045778315648694
13.645454516347042	0.06410712563703873
13.470505797253317	0.06374220915212996
12.660469441535474	0.06378668146900368
