wl	mean	std
412.0	5.43981647594	0.146895367306
440.0	3.32646806479	0.144228105562
488.0	1.70303458028	0.135120577916
510.0	1.32746475089	0.137067206525
532.0	1.05934419721	0.12965512949
555.0	0.838905465636	0.12662662161
650.0	0.396228160886	0.127763519765
676.0	0.377995613036	0.133459015814
715.0	0.259231344667	0.124271722752
