wl	mean	std
412.0	8.9534718251	0.064917764048
440.0	6.65204489128	0.0684064163342
488.0	4.64380179812	0.0637424548642
510.0	4.126753226	0.0618272513671
532.0	3.76661373157	0.0596600179716
555.0	3.39746888153	0.0579731399477
650.0	2.61942547842	0.0502377832076
676.0	2.53725052308	0.050871822313
715.0	2.28351793822	0.0465659313203
