mean	std
12.019941543082028	0.04017447696375896
8.039374398494479	0.035092938967035074
4.946394538305668	0.031075252574936384
4.1414897951749285	0.02974019125053048
3.5162716554583056	0.027845664349915127
3.020026088245837	0.026842657026429375
2.261977288936311	0.023908644566763775
2.248483003835069	0.023074917619306468
1.9275163442671712	0.022048005529789715
