wl	mean	std
412.0	4.402104088237106	0.1129743538337726
440.0	4.587702511790629	0.1080979535916277
488.0	4.74521047528879	0.10450416329437194
510.0	4.817998710562403	0.10403809709033937
532.0	4.917159560802006	0.10612882729426183
555.0	4.855467819549134	0.10475155248573292
650.0	4.978390501763804	0.10870796022816422
676.0	4.933359059986102	0.10160474336538527
715.0	4.970114934468082	0.1066856178881879
