mean	std
16.779352669975083	4.5697340981541315
10.348803480890258	1.7539912594724119
5.349819520091228	1.2534187931273102
4.151989770653757	1.3502548871811915
3.2361533695280307	1.5081972793812433
2.49224861322743	1.4486759685754775
1.0919906189248882	1.6350980220416245
0.9291518553078731	1.3329598973065806
0.6767862225728515	1.5272957306224948
