mean	std
8.332452887718647	0.057408439719730364
6.936446793782103	0.05795547586780896
5.8273027102047665	0.057498437522523815
5.528853232666722	0.05890162939352291
5.289269412618211	0.05773169661169547
5.049783041152615	0.05605933201623575
4.644564329339364	0.05375384150924416
4.623811130097883	0.05614723541220353
4.505485723238485	0.05384594297144005
