mean	std
3.357112569671365	0.0388269621405149
3.507609049110594	0.037265696940168964
3.6116431390853823	0.035871241502235876
3.6489450807673833	0.03669357582016851
3.6679939930181975	0.035048791491890045
3.6041444126012863	0.03357639239844701
3.594460350078969	0.03131053964644907
3.620280280795827	0.03239092618415342
3.597160163387026	0.03070469488397253
