mean	std
19.830120859451387	0.1386006210841531
15.48888263562167	0.1416688240755481
12.055965076138795	0.14571518896312938
11.164126556915754	0.15018305673046203
10.382757815496147	0.15142149731410484
9.650403446613117	0.14990150467898614
8.009556391103217	0.15284618622587778
7.84502730057942	0.1587244211331933
7.388706725859265	0.16260516760528765
