wl	mean	std
412.0	4.309702078110022	0.030326232516533564
440.0	2.8900027955816205	0.027946306789140462
488.0	1.8297085324090243	0.025414861341602674
510.0	1.5555647025154988	0.025127802350666667
532.0	1.3588344800487064	0.023554473746944467
555.0	1.224060044694674	0.02318082178906614
650.0	0.9583830164148042	0.020923552675813924
676.0	0.9256632028165748	0.020091170301468817
715.0	0.8680887877172218	0.01898347313307956
