wl	mean	std
412.0	6.07940860209	0.0559659532847
440.0	3.95256887489	0.0557711464845
488.0	2.18562504472	0.0488770047385
510.0	1.75510878087	0.0513788445422
532.0	1.42850407386	0.042189132958
555.0	1.18482104068	0.0406267937668
650.0	0.739844629043	0.041226939539
676.0	0.761315371841	0.0389791376247
715.0	0.556958939205	0.035762289779
