wl	mean	std
412.0	4.239384	0.242641182943
440.0	2.4369779604	0.0487071769955
488.0	1.09992483168	0.0445504655306
510.0	0.819111207921	0.114746983368
532.0	0.629009188119	0.274198908082
555.0	0.474481386139	0.230942121754
650.0	0.179822594059	0.128404101901
676.0	0.169927564356	0.0395468031413
715.0	0.0978931683168	0.0329665932137
