wl	mean	std
412.0	10.1121827143	0.274584437757
440.0	6.37580365172	0.21139751952
488.0	3.36741531116	0.182726291047
510.0	2.67842538862	0.177569338171
532.0	2.22575072907	0.179184697003
555.0	1.81619482446	0.179153763275
650.0	1.01367505313	0.168163309512
676.0	0.924780403127	0.176926274726
715.0	0.80377126318	0.170852214073
