wl	mean	std
412.0	4.61918266853	0.0252102375343
440.0	2.71184746361	0.0134140353885
488.0	1.28713348442	0.00814297383857
510.0	0.970680293407	0.00684739955162
532.0	0.757517144059	0.00688381046799
555.0	0.576448127156	0.0063404410255
650.0	0.211744831826	0.0052888802913
676.0	0.184418346981	0.00518456660796
715.0	0.109481119059	0.00462622940333
