wl	mean	std
412.0	22.9790813581	0.866570153077
440.0	20.1534797021	0.86776070994
488.0	17.0766437684	0.837439071809
510.0	16.0872245868	0.80151216622
532.0	15.2193738494	0.77671796902
555.0	14.3670326123	0.761565789923
650.0	12.1058517825	0.722707238421
676.0	11.727664977	0.707185211737
715.0	10.7506558801	0.670646378927
