wl	mean	std
412.0	5.44564147974	0.318702259268
440.0	3.62666818842	0.313177845256
488.0	2.23472110125	0.304285665027
510.0	1.87191204163	0.305119230207
532.0	1.66272893161	0.302873849833
555.0	1.41610207133	0.295671719619
650.0	0.95403471379	0.294450160452
676.0	0.898878882215	0.303164147872
715.0	0.82290930963	0.286831097909
