wl	mean	std
412.0	2.58844804	0.140000751382
440.0	1.72102661933	0.137017194628
488.0	0.966644789559	0.134136070001
510.0	0.772083301969	0.129122586804
532.0	0.638295459761	0.129914315636
555.0	0.533177413978	0.128024802055
650.0	0.331019741416	0.129330160627
676.0	0.368576444666	0.129749333338
715.0	0.237928916477	0.127854687766
