wl	c_mean	c_std	c_median	c_var	c_IQR
412.0	8.765124544699237	0.05981643414788376	8.582275	0.003578005794168115	0.06426500000000246
440.0	6.741029869059481	0.05466910758749508	6.675890000000001	0.002988711324413112	0.058380000000000536
488.0	4.935368521768026	0.05076613341177093	5.00804	0.0025772003015817244	0.06050000000000023
510.0	4.461359870721169	0.056331102389342164	4.53022	0.0031731930963985505	0.0668975000000005
532.0	4.040880632436024	0.05487963515971735	4.17461	0.0030117743552636853	0.0589650000000006
555.0	3.7323520727816546	0.0519611835698857	3.826255	0.0026999645979833603	0.05665499999999924
650.0	2.9120978288467922	0.05293895665731811	3.021795	0.002802533131965406	0.05776999999999965
676.0	2.7585104915254215	0.05150880522795871	2.880875	0.002653157016011787	0.05273750000000055
715.0	2.5778432462612195	0.04797631286915585	2.686915	0.002301726596519129	0.05139000000000005
