wl	c_mean	c_std	c_median	c_var	c_IQR
412.0	8.69742051167	0.0125378634983	8.52781	0.000157198021102	0.0088875
440.0	5.12916198568	0.0111721660312	5.071895	0.000124817293829	0.00751
488.0	2.28598900887	0.0103429137208	2.365725	0.000106975864237	0.0079175
510.0	1.69677192748	0.00975114800045	1.77237	9.50848873267e-05	0.007865
532.0	1.26108086876	0.00942895259212	1.40471	8.89051469844e-05	0.007845
555.0	0.961018187337	0.0094465425381	1.06343	8.92371659241e-05	0.008
650.0	0.324067411922	0.00837061288871	0.444315	7.00671601327e-05	0.0073275
676.0	0.252667937345	0.00800741227695	0.38508	6.4118651373e-05	0.00683
715.0	0.183221998583	0.00766480211199	0.311165	5.8749191416e-05	0.00601
