wl	c_mean	c_std	c_median	c_var	c_IQR
412.0	6.97604014223309	0.07341313369060935	6.7988149999999985	0.005389488198275281	0.0778900000000009
440.0	5.973334459316206	0.06600424721769893	5.91111	0.004356560650775118	0.07433499999999871
488.0	4.709101475275205	0.05594572821190954	4.784834999999998	0.003129924505160851	0.06336999999999993
510.0	4.31914114502883	0.06176960754439651	4.389265	0.0038154844161887662	0.0596924999999997
532.0	3.9294288337701704	0.060763097969894576	4.068465	0.003692154074899007	0.0591999999999997
555.0	3.621161836274678	0.05045021996226755	3.71945	0.002545224694241179	0.05367000000000033
650.0	2.7420376465140652	0.04996210270797938	2.856955	0.0024962117070026803	0.04889499999999991
676.0	2.5694145465082396	0.047495267491037114	2.69583	0.002255800434045166	0.04540999999999995
715.0	2.3146259373871554	0.04869269229170837	2.4306200000000002	0.0023709782826149954	0.041164999999999896
