wl	a_mean	a_std	a_median	a_var	a_IQR
412.0	9.10935187174	0.0921639602854	9.71079	0.00849419557549	0.04422
440.0	5.50497681838	0.0882429197469	5.84633	0.00778681288546	0.0298675
488.0	2.54791221544	0.082433771318	2.7291	0.00679532665371	0.01933
510.0	1.92054734941	0.0894088104492	2.05475	0.00799393538593	0.01855
532.0	1.4387532637	0.0809896921008	1.57059	0.00655933022659	0.0158075
555.0	1.10856775302	0.0818154730954	1.206355	0.00669377163783	0.016405
650.0	0.429192204533	0.0794522699629	0.47523	0.00631266320225	0.015895
676.0	0.375692685116	0.0823913850866	0.435255	0.00678834033649	0.0145975
715.0	0.265941411363	0.0758951593881	0.27352	0.00576007521855	0.01379
