wl	a_mean	a_std	a_median	a_var	a_IQR
412.0	11.1535791248	0.222154566626	11.740675	0.049352651473	0.25841
440.0	8.85662606205	0.22745058491	9.18278	0.0517337685758	0.2697925
488.0	6.1085128402	0.202409533136	6.27267	0.0409696191044	0.2223175
510.0	5.33155058926	0.186264132361	5.449935	0.0346943270043	0.216415
532.0	4.60251077309	0.165854809281	4.72578	0.0275078177615	0.1947525
555.0	4.08414032217	0.154427617669	4.17772	0.0238478890988	0.17797
650.0	3.47022942724	0.15165545822	3.502475	0.0229993780078	0.181535
676.0	3.68853332892	0.156249926054	3.73974	0.024414039392	0.20051
715.0	2.69116664076	0.128120514966	2.697695	0.0164148663552	0.1524775
