wl	c_mean	c_std	c_median	c_var	c_IQR
412.0	32.0248284647894	0.02425475562870084	31.51095	0.0005882931706079951	0.029230000000001862
440.0	22.987799378420856	0.01702176811969671	22.672965	0.00028974058992072325	0.025435000000005203
488.0	16.07936574387345	0.01612852787157745	15.903505	0.00026012941130425064	0.023084999999998246
510.0	14.238122465214985	0.017164419600402558	14.096925	0.00029461730021868363	0.02520750000000227
532.0	12.811274408684142	0.017810812674940953	12.68774	0.00031722504814183733	0.02401500000000034
555.0	11.659237893333794	0.01664746224508745	11.533169999999998	0.000277137999201612	0.02285250000000083
650.0	9.35136271725124	0.01809566793445029	9.236410000000001	0.0003274531979938925	0.02574749999999959
676.0	9.072695162783273	0.01775645003332084	8.973135000000001	0.00031529151778581963	0.02643750000000189
715.0	8.619854750800913	0.019195397810799413	8.491810000000001	0.00036846329711484285	0.028432499999999195
