wl	c_mean	c_std	c_median	c_var	c_IQR
412.0	7.223054729778147	0.21435835009212575	7.00895	0.04594950225421837	0.09966999999999883
440.0	6.1922750522254315	0.20677064150203966	6.08832	0.04275409818716503	0.09307
488.0	4.9007586432410095	0.19556296968319867	4.93623	0.03824487511131168	0.08044500000000099
510.0	4.504279745900508	0.2031526575742042	4.53409	0.04127100227946186	0.08082000000000011
532.0	4.104459902163434	0.20245033036449386	4.20219	0.04098613626469271	0.06656999999999869
555.0	3.7944926691470378	0.21032438787302146	3.84809	0.04423634813416117	0.07394999999999953
650.0	2.8906141937439727	0.20228655227977468	2.95859	0.04091984923323801	0.062385000000000364
676.0	2.7147311175416835	0.20353302385261604	2.7966	0.04142569179858956	0.05594999999999972
715.0	2.455140979881494	0.2039727617129457	2.52421	0.041604887520806134	0.06029499999999999
