wl	a_mean	a_std	a_median	a_var	a_IQR
412.0	1.495324686	0.00878509851023	2.11618	7.71779558344e-05	0.008115
440.0	0.878027214661	0.00711747686472	1.238055	5.06584769198e-05	0.005085
488.0	0.392207540266	0.00661450084941	0.589805	4.37516214868e-05	0.004285
510.0	0.292910213826	0.00569782649033	0.446165	3.24652267139e-05	0.0038475
532.0	0.216656678522	0.00607878488983	0.365305	3.69516257369e-05	0.0038375
555.0	0.167692570013	0.00554254013691	0.28184	3.07197511693e-05	0.003815
650.0	0.0699892261784	0.00455957948036	0.13286	2.07897650377e-05	0.0029775
676.0	0.0585569696234	0.00431175137751	0.13393	1.85911999414e-05	0.00307
715.0	0.0498228166597	0.00421373742364	0.07997	1.77555830753e-05	0.0029325
