wl	c_mean	c_std	c_median	c_var	c_IQR
412.0	24.37565014315769	0.195706051151256	23.911115	0.038300858457218034	0.3364375000000024
440.0	19.624215828710803	0.19454506458556312	19.356405	0.03784778215460092	0.3382374999999982
488.0	15.89302286452142	0.1898011445428204	15.755425	0.03602447446976459	0.3325174999999998
510.0	14.94175633945585	0.1852185765451575	14.833295000000001	0.034305921097414364	0.3253249999999994
532.0	14.28387010226224	0.1917983629781068	14.194675	0.036786612041081586	0.33022749999999945
555.0	13.430245382822973	0.19158879818913654	13.341655	0.036706267591557706	0.3327150000000003
650.0	11.95324911478085	0.20429620521040695	11.885375	0.041736939463372716	0.3350049999999989
676.0	11.455159521141095	0.190004740669329	11.39143	0.036101801476818976	0.3261275000000001
715.0	11.088578020084526	0.19936451057144008	11.012610000000002	0.03974620807538983	0.3360200000000013
