wl	c_mean	c_std	c_median	c_var	c_IQR
412.0	9.19864729721	0.732155726345	8.85557	0.53605200762	0.72202
440.0	5.77341847354	0.639640270468	5.57605	0.409139675604	0.72307
488.0	3.10429710185	0.700345476427	3.01456	0.490483786352	0.70932
510.0	2.59426007392	0.774866569139	2.46239	0.60041819997	0.87499
532.0	2.17453563662	0.765336222185	2.1445	0.585739532988	0.77482
555.0	1.85365954167	0.688882259937	1.78805	0.474558768056	0.79788
650.0	1.24987795887	0.671981362156	1.22135	0.451558951085	0.80158
676.0	1.17327608827	0.695640205729	1.13058	0.483915295827	0.81676
715.0	1.12374037199	0.726677463975	1.0774	0.52806013665	0.75547
