wl	c_mean	c_std	c_median	c_var	c_IQR
412.0	5.61257281258	4.19433697345	8.603405	17.5924626468	7.69323
440.0	4.29869216251	3.31941927859	6.312225	11.0185443471	5.259165
488.0	3.08951903675	2.44004298617	4.375825	5.95380977434	3.2637975
510.0	2.84505443197	2.7620111938	3.881525	7.62870583469	2.7558625
532.0	2.63229663119	2.83384224684	3.55396	8.03066187996	2.3367925
555.0	2.42659228127	2.95582641145	3.19816	8.73690977464	2.0999375
650.0	1.83787354657	2.98235392958	2.45919	8.89443496126	1.72811
676.0	1.84004708284	2.87277767477	2.3867	8.25285156867	1.5385725
715.0	1.41079132136	2.77044510677	2.158715	7.67536608962	1.991415
