wl	a_mean	a_std	a_median	a_var	a_IQR
412.0	4.14594394257	0.00698189271439	4.76764	4.87468258753e-05	0.00951
440.0	2.61803096284	0.00290712427663	2.97799	8.45137155979e-06	0.00421
488.0	1.37025396726	0.0024845793645	1.56779	6.17313461851e-06	0.00367
510.0	1.1130844989	0.00204418119748	1.26666	4.17867676813e-06	0.00251
532.0	0.929036541687	0.00226244342686	1.07742	5.11865025974e-06	0.00319
555.0	0.766032809481	0.00225860167463	0.87993	5.10128152462e-06	0.00305
650.0	0.44260584227	0.00194241225733	0.50536	3.77296537744e-06	0.00258
676.0	0.429335420685	0.00185856012693	0.50404	3.4542457454e-06	0.00257
715.0	0.375480663666	0.00184718519481	0.42456	3.41209314394e-06	0.00268
