wl	a_mean	a_std	a_median	a_var	a_IQR
412.0	4.02512571458	0.00682940434691	4.646725	4.66407637335e-05	0.0096025
440.0	2.3733955523	0.00375406103586	2.73299	1.4092974261e-05	0.0045725
488.0	1.10410212021	0.00317524398293	1.30146	1.00821743511e-05	0.0040625
510.0	0.832200646814	0.00295177184853	0.985095	8.71295704577e-06	0.0034225
532.0	0.626125456546	0.0030878093956	0.774325	9.53456686357e-06	0.003545
555.0	0.482484784228	0.00297127062657	0.596115	8.8284491363e-06	0.003665
650.0	0.15754570807	0.00223425652275	0.220185	4.99190220944e-06	0.002485
676.0	0.279943858635	0.00328830270665	0.354925	1.08129346906e-05	0.0035025
715.0	0.0880349212422	0.00201942571079	0.11789	4.07808020138e-06	0.00237
