wl	a_mean	a_std	a_median	a_var	a_IQR
412.0	4.5526334308	0.108188797685	5.15217	0.0117048159445	0.031285
440.0	2.86003397339	0.102669482183	3.19782	0.0105410225718	0.028115
488.0	1.42772960159	0.105149655955	1.60307	0.0110564501474	0.02557
510.0	1.10202982642	0.0953430620956	1.233115	0.00909029948977	0.0249125
532.0	0.847858942657	0.100567750806	0.97461	0.0101138725022	0.024185
555.0	0.670409045276	0.0982971184841	0.763395	0.00966232350227	0.024085
650.0	0.305512221328	0.0938558643865	0.34667	0.00880892327975	0.0252925
676.0	0.283008882941	0.0998823674832	0.33615	0.00997648733404	0.024605
715.0	0.199323481848	0.100071679292	0.20425	0.0100143409962	0.0204025
