wl	c_mean	c_std	c_median	c_var	c_IQR
412.0	5.486967875682872	0.15321440145003104	5.2574900000000016	0.023474652811691275	0.06937500000000085
440.0	3.5560163285474133	0.14947428683509315	3.43877	0.0223425624248597	0.06292250000000044
488.0	2.0356570229023663	0.13744444647238338	2.06042	0.01889097586609986	0.06002750000000034
510.0	1.6783855937806438	0.13824435752838726	1.6974150000000001	0.01911150238843657	0.06824499999999989
532.0	1.4052758866087673	0.13456889676254655	1.4950450000000002	0.01810878797588892	0.06639000000000017
555.0	1.2015270825045532	0.12967583279250872	1.251845	0.016815821610430676	0.06574250000000004
650.0	0.7279588710603723	0.12288188597202047	0.8001149999999999	0.015099957900040647	0.05347999999999986
676.0	0.6578516898725308	0.1233725707474992	0.74134	0.01522079121284669	0.056045000000000116
715.0	0.6028264538450764	0.1142372087385875	0.67214	0.013050139860383612	0.05223250000000002
