wl	c_mean	c_std	c_median	c_var	c_IQR
412.0	3.9332955941008136	0.005396144906931396	3.76234	2.9118379856601643e-05	0.007519999999999526
440.0	2.3622010587717344	0.003899902582831216	2.30437	1.5209240155573594e-05	0.004610000000000447
488.0	1.0970276315210223	0.003470596154127317	1.17652	1.2045037665043324e-05	0.004090000000000149
510.0	0.8263881959057888	0.0029966207537088247	0.90208	8.979735941558443e-06	0.0038299999999999996
532.0	0.620277723090468	0.0032771681490030096	0.7639600000000001	1.0739831076839813e-05	0.0035399999999999885
555.0	0.4853220506273387	0.0030878158077177744	0.58772	9.534606462391772e-06	0.0037399999999999656
650.0	0.17687970636143513	0.002377886827772221	0.29661	5.6543457656926384e-06	0.0028799999999999932
676.0	0.14183868633061864	0.002343511193605929	0.27391	5.492044714556285e-06	0.003029999999999977
715.0	0.10597790248734311	0.002481186839350086	0.24351	6.156288131764072e-06	0.003080000000000027
