wl	a_mean	a_std	a_median	a_var	a_IQR
412.0	1.92928778894	0.0160601058609	2.54903	0.000257927000262	0.01771
440.0	1.32370799302	0.0166497642421	1.68118	0.000277214649317	0.01785
488.0	0.733984630825	0.0205760434909	0.92844	0.000423373565738	0.01563
510.0	0.584341966167	0.0161865401916	0.7345	0.000262004083373	0.01506
532.0	0.453974860733	0.0135561288122	0.60012	0.000183768628372	0.01484
555.0	0.384294402512	0.0131881015205	0.49495	0.000173926021716	0.01485
650.0	0.232605111525	0.0115894621525	0.29307	0.000134315632985	0.01203
676.0	0.258646213708	0.0128398381698	0.33204	0.000164861444226	0.01437
715.0	0.1762634899	0.012143559326	0.20142	0.000147466033105	0.01314
