wl	c_mean	c_std	c_median	c_var	c_IQR
412.0	3.96308553374	0.0072865530235	3.79266	5.30938549643e-05	0.00862
440.0	2.38583363305	0.00752031628513	2.32797	5.65551570284e-05	0.00989
488.0	1.11786855167	0.00661116738088	1.19741	4.3707534138e-05	0.008435
510.0	0.847935638448	0.00636885483103	0.92349	4.05623118587e-05	0.007715
532.0	0.64195664805	0.00666147247331	0.78499	4.43752155127e-05	0.008255
555.0	0.506552621853	0.0062319299773	0.60852	3.88369512419e-05	0.00794
650.0	0.199125866885	0.00582425800596	0.31862	3.392198132e-05	0.00774
676.0	0.164919199097	0.00575376947585	0.29643	3.31058631813e-05	0.006625
715.0	0.130991132761	0.00595460447485	0.26683	3.54573144519e-05	0.00763
