wl	a_mean	a_std	a_median	a_var	a_IQR
412.0	9.109351871737832	0.09216396028541653	9.71079	0.008494195575491834	0.044220000000001036
440.0	5.504976818380077	0.08824291974689646	5.84633	0.007786812885457211	0.029867499999999936
488.0	2.5479122154374023	0.08243377131801886	2.7291	0.00679532665371143	0.019330000000000517
510.0	1.9205473494133565	0.08940881044915126	2.05475	0.007993935385932259	0.018549999999999844
532.0	1.4387532636920073	0.08098969210083043	1.57059	0.006559330226587312	0.015807500000000196
555.0	1.1085677530131863	0.08181547309544207	1.2063549999999998	0.0066937716378310036	0.016405000000000225
650.0	0.4291922045332286	0.07945226996287888	0.47523	0.006312663202254184	0.01589499999999999
676.0	0.375692685116529	0.08239138508661238	0.4352550000000001	0.006788340336490453	0.014597499999999932
715.0	0.26594141136360344	0.07589515938814091	0.27352	0.005760075218551314	0.013789999999999969
