wl	a_mean	a_std	a_median	a_var	a_IQR
412.0	4.038208259830138	0.006713199947464806	4.65971	4.506705353464148e-05	0.008712500000000567
440.0	2.3620153236334747	0.0039600764238767175	2.722115	1.5682205282944204e-05	0.004352499999999536
488.0	1.0769984520903633	0.003472448782917108	1.2743799999999998	1.2057900549982504e-05	0.003429999999999822
510.0	0.8015046551109415	0.0032242405128038573	0.95449	1.0395726884405685e-05	0.003074999999999939
532.0	0.5913334928645217	0.0034672290202700873	0.73966	1.2021677079003067e-05	0.0033050000000000024
555.0	0.4434198485139368	0.0031186477908664387	0.557075	9.725964043476117e-06	0.0029150000000000014
650.0	0.1275811924156403	0.002749066539837332	0.19019	7.5573668404532014e-06	0.0024299999999999877
676.0	0.08844453191995089	0.002577051544624589	0.163135	6.641194663651976e-06	0.002434999999999993
715.0	0.05247634888419581	0.0024601869270442127	0.09054	6.052519715999248e-06	0.002379999999999993
