wl	c_mean	c_std	c_median	c_var	c_IQR
412.0	8.877488707244872	0.0752340321985169	8.69698	0.005660159600847479	0.0777100000000015
440.0	6.8423372882006515	0.0787807704389265	6.77588	0.0062064097909508365	0.07403999999999923
488.0	5.024599312404437	0.07169864522748537	5.09334	0.005140695727456813	0.06626999999999937
510.0	4.546272123816653	0.07071515463932512	4.61034	0.0050006330956636645	0.06443999999999939
532.0	4.12484862201113	0.06852341517018619	4.26089	0.004695458426585702	0.06227999999999945
555.0	3.810987814567812	0.06893601752834784	3.90314	0.004752174512668682	0.05875999999999992
650.0	2.9833288336640753	0.07819898904067979	3.08917	0.00611508188698436	0.0647599999999997
676.0	2.824660942581089	0.06714433191782003	2.94992	0.0045083613086903855	0.06567999999999953
715.0	2.6442843626663217	0.06819204596773662	2.7518700000000003	0.0046501551332659066	0.05922000000000027
