wl	a_mean	a_std	a_median	a_var	a_IQR
412.0	8.50949744866	0.250918382608	9.138125	0.0629600347307	0.01314
440.0	5.01395051803	0.0531215504714	5.37522	0.00282189912448	0.00475
488.0	2.20367648552	0.0159936717692	2.40134	0.000255797536661	0.0037975
510.0	1.62000539338	0.0120771600952	1.77245	0.000145857795965	0.0032275
532.0	1.18583217034	0.0184638616642	1.333625	0.000340914187555	0.00337
555.0	0.881493857776	0.0196812452723	0.995085	0.000387351415468	0.003585
650.0	0.254045806149	0.0225406564793	0.316415	0.000508081194519	0.002515
676.0	0.182730351691	0.0255267518798	0.2572	0.000651615061535	0.002815
715.0	0.117242120241	0.0238308637448	0.15325	0.000567910066822	0.0023825
