wl	c_mean	c_std	c_median	c_var	c_IQR
412.0	62.3988004858	9.02110879713	60.906795	81.3804039297	12.80517
440.0	48.6297524664	9.69411426491	46.53308	93.9758513811	11.6371425
488.0	36.8436279828	9.33994618099	35.445235	87.2345946638	12.3066825
510.0	33.7437025729	9.18119716857	32.203415	84.2943814482	10.8589625
532.0	31.31432569	9.25657187809	29.33732	85.6841229343	11.5417825
555.0	29.0482934406	8.77267115136	27.648645	76.95975913	10.5371875
650.0	26.2257810951	9.56532756549	24.675575	91.4954914351	11.51939
676.0	23.6957941205	8.85403059416	22.352435	78.3938577623	10.9529025
715.0	24.1384108374	9.46733503371	22.198315	89.6304326406	12.209
