wl	a_mean	a_std	a_median	a_var	a_IQR
412.0	8.844279174917482	0.04071589758869786	9.461969999999999	0.0016577843164533323	0.024467500000000086
440.0	5.3551272524752465	0.046658335327736326	5.709475	0.0021770002555554875	0.019762499999999683
488.0	2.502030981848188	0.03459172627920271	2.695095	0.0011965875269752835	0.01639750000000006
510.0	1.8908343811881196	0.03142953103384881	2.03946	0.0009878154210076653	0.016087500000000254
532.0	1.4249809240924072	0.04325640588348745	1.5676450000000002	0.0018711166499570078	0.015834999999999818
555.0	1.1009259075907585	0.03937149919315125	1.208485	0.0015501149487163095	0.016772499999999857
650.0	0.4349862046204619	0.03456323859489165	0.49221499999999996	0.0011946174621674075	0.014704999999999968
676.0	0.37478431518151845	0.02579214868759822	0.4452700000000001	0.0006652349339231746	0.013742499999999935
715.0	0.27257454620462024	0.023781168929186976	0.298265	0.0005655439956385282	0.014660000000000006
