wl	a_mean	a_std	a_median	a_var	a_IQR
412.0	8.54287960232	0.00984927340268	9.1645	9.70081865608e-05	0.01385
440.0	5.03065981587	0.00522086730486	5.391215	2.7257455415e-05	0.00462
488.0	2.21049476293	0.00469641350306	2.40867	2.20562997917e-05	0.004175
510.0	1.62348980959	0.00412524137008	1.776965	1.70176163614e-05	0.003305
532.0	1.18880907897	0.00445493441229	1.33766	1.98464406178e-05	0.004165
555.0	0.883667232352	0.00417707927165	0.99787	1.74479912416e-05	0.00357
650.0	0.253811835864	0.00343793909529	0.316945	1.18194252229e-05	0.002875
676.0	0.182056371205	0.0031925061487	0.25731	1.01920955095e-05	0.002705
715.0	0.11293002031	0.00303209812776	0.151895	9.19361905634e-06	0.002595
