wl	a_mean	a_std	a_median	a_var	a_IQR
412.0	3.61778446205	0.242641182943	4.23035	0.0588747436602	0.01644
440.0	2.07684687129	0.0487071769955	2.43518	0.00237238909087	0.00717
488.0	0.902333214518	0.0445504655306	1.09979	0.00198474397899	0.00438
510.0	0.666377940594	0.114746983368	0.81543	0.013166870192	0.00428
532.0	0.480535755776	0.274198908082	0.62986	0.0751850411936	0.00424
555.0	0.360611650165	0.230942121754	0.4749	0.0533342636005	0.00451
650.0	0.117100877887	0.128404101901	0.18357	0.0164876133851	0.00329
676.0	0.0945194785474	0.0395468031413	0.16952	0.0015639496387	0.00304
715.0	0.078691650165	0.0329665932137	0.09771	0.00108679626812	0.00289
