wl	a_mean	a_std	a_median	a_var	a_IQR
412.0	43.76811043516444	1.8218707676103267	44.19908	3.3192130938730413	2.2846499999999916
440.0	31.408374878633015	1.8977326955957257	31.652675	3.6013893839330184	2.5393449999999973
488.0	20.02949967316085	1.8709027898491093	19.95329	3.500277249065181	2.5392324999999936
510.0	17.288728641275434	2.0293738493312956	17.203039999999998	4.118358220349722	2.7786124999999977
532.0	15.044717024646019	1.9538515977166204	15.128604999999999	3.817536065899791	2.5180725000000006
555.0	13.608890586607066	2.0132194567208948	13.67311	4.053052580919574	3.10872
650.0	9.685323606409026	1.9718249884522716	9.826089999999999	3.8880937850847994	2.8272550000000014
676.0	8.961351645374215	1.8565956916736528	8.88468	3.446947562341168	2.386944999999999
715.0	7.906069664643884	2.0048642388753506	8.015605	4.019480616321238	2.9253350000000005
