wl	a_mean	a_std	a_median	a_var	a_IQR
412.0	6.63035508419	0.0201878295483	7.25007	0.000407548461873	0.02891
440.0	4.54478182829	0.0208175608239	4.90312	0.000433370838657	0.02503
488.0	2.57883913855	0.0170144777195	2.77525	0.000289492452069	0.02001
510.0	2.1942592107	0.0169942701925	2.34572	0.000288805219377	0.01805
532.0	1.81743899297	0.0188049130367	1.96463	0.000353624754319	0.01484
555.0	1.66267690726	0.0195501049531	1.7741	0.000382206603677	0.0147
650.0	1.06592334534	0.0115851879709	1.12761	0.000134216580322	0.01053
676.0	1.50383750294	0.0198822800746	1.5773	0.000395305060964	0.01156
715.0	0.864915766558	0.00981179588215	0.89531	9.62713384329e-05	0.01
