wl	a_mean	a_std	a_median	a_var	a_IQR
412.0	8.87207785731	0.0678301636869	9.47995	0.00460093110579	0.02501
440.0	5.38291014951	0.0581635453241	5.73002	0.00338299800467	0.02257
488.0	2.53306160688	0.0582096560861	2.71811	0.00338836406167	0.02028
510.0	1.9222116507	0.0595716666585	2.06249	0.00354878346847	0.01956
532.0	1.45667724161	0.0603968907006	1.59179	0.0036477844063	0.01873
555.0	1.13224694891	0.0601042885472	1.23289	0.00361252550176	0.01918
650.0	0.465042436833	0.0574767589453	0.51544	0.00330357781885	0.01804
676.0	0.407629546249	0.0585915052001	0.47029	0.00343296448161	0.01628
715.0	0.305054820646	0.0592166887933	0.32151	0.00350661623164	0.01717
