wl	c_mean	c_std	c_median	c_var	c_IQR
412.0	8.68261823851	0.0124953171889	8.51447	0.000156132951652	0.00751
440.0	5.11531238339	0.0111332077555	5.05941	0.000123948314926	0.00565
488.0	2.2711148174	0.0100947492368	2.352325	0.000101903962153	0.0051475
510.0	1.68247833377	0.00894223941583	1.75931	7.99636457701e-05	0.0044225
532.0	1.2475134801	0.00876549208323	1.3925	7.68338514611e-05	0.004705
555.0	0.945340398577	0.00852663403423	1.049175	7.27034879536e-05	0.004435
650.0	0.309714785107	0.00755030119618	0.43036	5.70070481531e-05	0.0036125
676.0	0.239122934964	0.00714429446032	0.37233	5.10409433358e-05	0.0036475
715.0	0.169573286985	0.00729353993692	0.297675	5.31957248115e-05	0.003515
