wl	a_mean	a_std	a_median	a_var	a_IQR
412.0	3.98757081089	0.014232374383	4.60792	0.000202560480577	0.01252
440.0	2.33273497401	0.00585503835675	2.69225	3.42814741591e-05	0.008025
488.0	1.06848055892	0.00365640195959	1.26591	1.33692752901e-05	0.0045175
510.0	0.796970935331	0.00330207534884	0.94959	1.09037016094e-05	0.0036025
532.0	0.589589607524	0.00369576020451	0.73771	1.36586434893e-05	0.0030125
555.0	0.443461941767	0.00342439015436	0.557075	1.17264479293e-05	0.0032075
650.0	0.132688915057	0.00291226803226	0.19523	8.48130509174e-06	0.00232
676.0	0.0951733261514	0.00293899954109	0.17021	8.63771830255e-06	0.0024475
715.0	0.0707229502867	0.00242630215477	0.09761	5.88694214626e-06	0.002125
