wl	c_mean	c_std	c_median	c_var	c_IQR
412.0	9.94152004858	0.0388606956357	9.763325	0.00151015366529	0.0318725
440.0	6.32106815901	0.0414815926799	6.25595	0.00172072253126	0.0304175
488.0	3.3345586267	0.0405709055056	3.40744	0.00164599837355	0.0310225
510.0	2.6767954739	0.0335731867352	2.746345	0.00112715886756	0.032095
532.0	2.16765841995	0.035249183349	2.305155	0.00124250492677	0.03279
555.0	1.80118766102	0.0346568661196	1.897065	0.00120109836923	0.0312725
650.0	0.985151500752	0.0456977102186	1.094775	0.00208828071923	0.03172
676.0	0.875528709345	0.0385329970039	1.00163	0.00148479185811	0.0319
715.0	0.761005270432	0.0464368271038	0.87028	0.00215637891147	0.0314875
