wl	a_mean	a_std	a_median	a_var	a_IQR
412.0	6.33129764652	0.0128047933713	6.9518	0.000163962733281	0.01696
440.0	4.08984800474	0.0104201951689	4.44749	0.000108580467358	0.01575
488.0	2.12540715307	0.00767647924166	2.32151	5.89283335477e-05	0.01192
510.0	1.68205750937	0.00700521559259	1.83421	4.90730454987e-05	0.01091
532.0	1.32397957737	0.0065605025101	1.47136	4.3040193185e-05	0.0091
555.0	1.07249314429	0.00542839017794	1.18578	2.94674199239e-05	0.00691
650.0	0.664834270883	0.00418195521597	0.72674	1.74887494284e-05	0.0063
676.0	0.682658192508	0.00542758341746	0.75745	2.94586617535e-05	0.00798
715.0	0.443584387997	0.00356656768061	0.47206	1.27204050204e-05	0.00564
