wl	a_mean	a_std	a_median	a_var	a_IQR
412.0	1.47570748755	0.046346105553	2.09872	0.00214796149993	0.00692
440.0	0.859375993041	0.0153771323073	1.22018	0.000236456197996	0.00424
488.0	0.3745320089	0.0100671122347	0.57264	0.000101346748746	0.00348
510.0	0.27443251171	0.00908208323162	0.42798	8.2484235826e-05	0.00267
532.0	0.198781185221	0.0114010469731	0.34778	0.000129983872083	0.00311
555.0	0.14879507989	0.0100733946687	0.26297	0.000101473280151	0.00342
650.0	0.0543070090404	0.00930007458523	0.1174	8.64913872908e-05	0.0027
676.0	0.0404128207074	0.00910686852269	0.11588	8.29350542895e-05	0.00281
715.0	0.0342719945961	0.00788593919945	0.06455	6.21880370574e-05	0.00225
