wl	a_mean	a_std	a_median	a_var	a_IQR
412.0	4.77733998146	0.0490982754181	5.38378	0.00241064064903	0.02852
440.0	2.92774314379	0.0445585845785	3.27405	0.00198546745964	0.02691
488.0	1.47357694107	0.0420072660839	1.65838	0.00176461040384	0.02405
510.0	1.14460976409	0.0424655604999	1.28373	0.00180332382857	0.02622
532.0	0.882834035307	0.0396195778912	1.01891	0.00156971095228	0.02145
555.0	0.6984378241	0.0377881274903	0.80072	0.00142794257922	0.0209
650.0	0.308326564789	0.0376202793003	0.35967	0.00141528541463	0.01803
676.0	0.274143818073	0.0380754832887	0.33656	0.00144974242766	0.02095
715.0	0.210711134343	0.0339442552691	0.22575	0.00115221246578	0.01777
