wl	a_mean	a_std	a_median	a_var	a_IQR
412.0	1.366499983785336	0.004730502074801434	1.98825	2.2377649879700675e-05	0.0063025000000001
440.0	0.7899269108910894	0.0031604835266149326	1.15032	9.988656122004364e-06	0.0039400000000002775
488.0	0.34603775240350115	0.0027388759033381816	0.5439350000000001	7.501441213886542e-06	0.003497499999999931
510.0	0.25560605876022346	0.0024862316687840713	0.409345	6.181347910864827e-06	0.003300000000000025
532.0	0.1888576328741568	0.002608967181872169	0.33764	6.8067097560860075e-06	0.003412499999999985
555.0	0.1426985466350985	0.002619816198404457	0.25680000000000003	6.863436913422379e-06	0.003242499999999981
650.0	0.049234653393600156	0.0021287943119524537	0.112125	4.531765222601123e-06	0.002805000000000002
676.0	0.03870808810446258	0.0019742380378907727	0.11354000000000002	3.8976158302548085e-06	0.0027475
715.0	0.024576329674271785	0.0018319852258848023	0.07424	3.3561698678601897e-06	0.0023475000000000024
