wl	c_mean	c_std	c_median	c_var	c_IQR
412.0	8.680385947185234	0.007096832823714916	8.50908	5.036503612775742e-05	0.00782249999999962
440.0	5.11712395528147	0.0053083247610179575	5.058389999999998	2.817831176843637e-05	0.004777499999999435
488.0	2.277739414800242	0.004160824107399453	2.35697	1.731245725271645e-05	0.0045000000000001705
510.0	1.6911239536168283	0.003839810377026915	1.766245	1.4744143731523584e-05	0.0034750000000001173
532.0	1.2545200887560526	0.004061716776467743	1.39773	1.6497543172239522e-05	0.004249999999999643
555.0	0.9558371922669505	0.0035844996285936625	1.05798	1.2848637587388105e-05	0.0036874999999998437
650.0	0.3204101669945522	0.0032629001531178066	0.43995	1.0646517409216206e-05	0.003675000000000039
676.0	0.25011488884685223	0.0031796157722643447	0.382105	1.0109956459232186e-05	0.0033125000000000515
715.0	0.18365941669188862	0.003153573305952648	0.30841	9.945024596017116e-06	0.0035799999999999717
