wl	c_mean	c_std	c_median	c_var	c_IQR
412.0	4.46301055254	0.0231512210155	4.284325	0.000535979034509	0.0437775
440.0	2.75286294475	0.0229348746395	2.68545	0.00052600847473	0.04379
488.0	1.42647176373	0.0210602805803	1.49905	0.000443535418121	0.04067
510.0	1.13561258915	0.0205912732715	1.203725	0.00042400053494	0.0398275
532.0	0.90858949322	0.0201409254491	1.046625	0.000405656877946	0.039665
555.0	0.755901221017	0.019145432429	0.85174	0.000366547582892	0.0373775
650.0	0.392242066102	0.015830120822	0.508235	0.00025059272524	0.029895
676.0	0.342838231525	0.0157995433679	0.471575	0.000249625570634	0.0306625
715.0	0.300380005085	0.014858752072	0.415175	0.000220782513136	0.027245
