wl	c_mean	c_std	c_median	c_var	c_IQR
412.0	5.5117831044832215	0.09802095371261713	5.31001	0.009608107366731023	0.06773999999999969
440.0	3.581967354616372	0.09620438869095899	3.4931400000000004	0.00925528440340112	0.06489999999999974
488.0	2.0559900374071884	0.09425250381250573	2.10642	0.00888353447492641	0.06137000000000015
510.0	1.7037981247532816	0.09795100289797504	1.7475	0.009594398968719116	0.06466999999999977
532.0	1.424041264200004	0.09016904315686664	1.53898	0.008130456343824881	0.06118999999999985
555.0	1.2227932987248984	0.08769870728074013	1.29735	0.007691063258712942	0.06076000000000015
650.0	0.7479529420721208	0.08725982652197814	0.83705	0.00761427732464572	0.05808999999999985
676.0	0.6807234582537045	0.08748911657143843	0.78508	0.007654345518450741	0.05889999999999995
715.0	0.6258683161753188	0.08467918157939072	0.71249	0.007170563792955425	0.05435999999999997
