wl	a_mean	a_std	a_median	a_var	a_IQR
412.0	37.411076557	3.30068658304	37.01633	10.8945319195	0.94226
440.0	25.4549538449	3.70033282074	24.64527	13.6924629843	1.035375
488.0	14.676415586	3.6843047617	13.75342	13.5741015771	0.923525
510.0	12.1191580783	3.75864423637	11.11715	14.1274064956	0.9822
532.0	10.1006295492	3.87783891161	9.08397	15.0376346244	0.85315
555.0	8.67094058065	3.94273363849	7.5787	15.5451485441	0.94784
650.0	4.89236036826	3.78587605844	3.81804	14.3328575299	0.82598
676.0	4.30635093794	3.90929083603	3.17239	15.2825548407	0.857965
715.0	3.60442870612	3.76038181571	2.51084	14.1404714	0.932145
