wl	c_mean	c_std	c_median	c_var	c_IQR
412.0	7.05028246288	0.052402517749	6.88147	0.00274602386644	0.058065
440.0	6.03740949854	0.0460055165848	5.98187	0.00211650755623	0.054525
488.0	4.76497650419	0.0454801141198	4.84573	0.00206844078035	0.046835
510.0	4.36870131697	0.041732392632	4.44344	0.0017415925948	0.04538
532.0	3.97499777713	0.0393203320134	4.12015	0.00154608850964	0.043355
555.0	3.66370913228	0.0324025218644	3.76763	0.00104992342318	0.036565
650.0	2.77655444886	0.0326268644137	2.89426	0.00106451228147	0.035995
676.0	2.60038365245	0.0307323846937	2.73237	0.00094447946896	0.033435
715.0	2.34249840854	0.0277091776936	2.46302	0.000767798528457	0.03299
