wl	a_mean	a_std	a_median	a_var	a_IQR
412.0	4.53264457441	0.0306927559819	5.14994	0.000942045269762	0.02602
440.0	2.84027792213	0.0330733036093	3.19609	0.00109384341163	0.02645
488.0	1.4077973716	0.0275822894543	1.60132	0.000760782691543	0.02263
510.0	1.08275237312	0.0291292450466	1.23073	0.000848512916988	0.02139
532.0	0.829261151927	0.0266429112679	0.97438	0.000709844720829	0.02128
555.0	0.6523637247	0.0288384432046	0.76246	0.000831655806465	0.02229
650.0	0.284657295064	0.0249639202878	0.34334	0.000623197316137	0.02088
676.0	0.261859105202	0.0248234638252	0.3336	0.000616204356281	0.02081
715.0	0.179413414432	0.024051042227	0.20218	0.000578452632203	0.0159
