wl	a_mean	a_std	a_median	a_var	a_IQR
412.0	3.9645320220462046	0.017519636208327628	4.587475	0.00030693765287214444	0.0277075
440.0	2.339284730891089	0.010564099996927818	2.7003700000000004	0.00011160020874509033	0.017262500000000625
488.0	1.0935365228382832	0.005307987245425065	1.2914	2.8174728597595164e-05	0.007757500000000085
510.0	0.8246813126732678	0.004048443727759309	0.977555	1.638989661683369e-05	0.005557499999999993
532.0	0.6173874076567651	0.003353156514632629	0.766065	1.1243658611623244e-05	0.004362499999999936
555.0	0.47221160402640294	0.002788125623673866	0.58613	7.773644493386783e-06	0.003667499999999935
650.0	0.1606330838283826	0.0018833645116566086	0.223345	3.547061883767536e-06	0.0026400000000000035
676.0	0.12001707419141917	0.001906137795909305	0.19516	3.633361296993985e-06	0.00245999999999999
715.0	0.08912524184818482	0.0016442871595089012	0.118675	2.703680262925851e-06	0.0021174999999999805
