wl	a_mean	a_std	a_median	a_var	a_IQR
412.0	4.00049868573	0.00612630129907	4.621695	3.7531567607e-05	0.0085025
440.0	2.36708169598	0.00319719621775	2.727145	1.02220636548e-05	0.00415
488.0	1.11175112407	0.00255480889953	1.30934	6.52704851311e-06	0.00333
510.0	0.84084706162	0.00214234135584	0.99379	4.58962648496e-06	0.0029225
532.0	0.632229747482	0.00229036025251	0.780725	5.24575008627e-06	0.003205
555.0	0.485828641219	0.00228929712286	0.599625	5.24088131675e-06	0.00335
650.0	0.170391354003	0.00201670120249	0.23302	4.06708374012e-06	0.0025025
676.0	0.12955327384	0.00198172538711	0.20472	3.92723550993e-06	0.00265
715.0	0.0983341397432	0.00179041686019	0.12754	3.20559253326e-06	0.0023225
