wl	a_mean	a_std	a_median	a_var	a_IQR
412.0	11.062047817034596	0.1860513717528769	11.66122	0.034615112931127186	0.20472999999999966
440.0	8.76350273919735	0.19690289972933767	9.09946	0.038770751921821625	0.20686499999999874
488.0	6.022934925761718	0.17699897771054773	6.19902	0.031328638110578975	0.20085000000000086
510.0	5.252959099262592	0.17144162375644564	5.3930099999999985	0.029392230356246662	0.18433499999999992
532.0	4.536062530533797	0.15914032969455494	4.66019	0.02532564453529165	0.16465000000000085
555.0	4.015337340592531	0.14931375942544362	4.10081	0.022294598753759252	0.15141000000000027
650.0	3.4135542467054125	0.15368560271477374	3.45195	0.023619264481803275	0.15486999999999984
676.0	3.62420312068794	0.15583971187306692	3.67245	0.024286015796680518	0.16013499999999992
715.0	2.6412625885767227	0.13561217166535322	2.63984	0.018390661103793237	0.13755499999999987
