wl	a_mean	a_std	a_median	a_var	a_IQR
412.0	8.78406906345	0.358260048818	9.305235	0.128350262579	0.4308425
440.0	5.36067373606	0.335505419143	5.63532	0.112563886274	0.4097
488.0	2.61834348774	0.316089535645	2.740725	0.0999125945441	0.4183875
510.0	2.05576605085	0.33572859415	2.131615	0.11271368893	0.38134
532.0	1.62112303619	0.347090639652	1.69313	0.120471912134	0.3767925
555.0	1.31344827102	0.322580394152	1.354745	0.104058110691	0.3877125
650.0	0.680823056555	0.31189709159	0.67831	0.0972797957423	0.3269725
676.0	0.626631914191	0.302387660834	0.62848	0.0914382974245	0.3657225
715.0	0.554975562268	0.319194319393	0.51603	0.101885013533	0.3211625
