wl	c_mean	c_std	c_median	c_var	c_IQR
412.0	5.29615284004	0.164129342126	5.09331	0.0269384409469	0.05605
440.0	3.5527699285	0.179690802085	3.45768	0.032288784354	0.0557325
488.0	2.08292232998	0.180950822539	2.12501	0.0327432001775	0.05334
510.0	1.74103082415	0.172391958503	1.77729	0.0297189873566	0.055145
532.0	1.46865187447	0.185198310775	1.57445	0.034298414314	0.058695
555.0	1.28040834852	0.178300392326	1.34835	0.0317910299036	0.05592
650.0	0.820697841102	0.173604652847	0.90223	0.0301385754901	0.0477675
676.0	0.758424429025	0.186266180903	0.852735	0.0346950901481	0.0513
715.0	0.698358680085	0.183212114147	0.77382	0.0335666787701	0.0502825
