wl	a_mean	a_std	a_median	a_var	a_IQR
412.0	1.36719009747	0.00580593163621	1.988675	3.37088421644e-05	0.0066225
440.0	0.790088207771	0.00364701920926	1.149875	1.33007491127e-05	0.0045975
488.0	0.344485830755	0.00327749932494	0.54171	1.0742001825e-05	0.004005
510.0	0.254609987881	0.00288509948468	0.40766	8.32379903653e-06	0.00331
532.0	0.187366203074	0.00307193688271	0.335525	9.43679621138e-06	0.0035125
555.0	0.140756514026	0.00308492231538	0.25428	9.51674569191e-06	0.004325
650.0	0.0478126327864	0.00278264015983	0.11009	7.74308625911e-06	0.003625
676.0	0.0344797527334	0.00229972691419	0.10901	5.28874387987e-06	0.0029175
715.0	0.0272991068482	0.00228364742492	0.07486	5.21504556136e-06	0.0030875
