wl	a_mean	a_std	a_median	a_var	a_IQR
412.0	6.26806165844	0.0150127433551	6.8879	0.000225382463045	0.02067
440.0	4.23257148425	0.0120799545512	4.58923	0.00014592530196	0.01903
488.0	2.35101427449	0.0114521980465	2.54548	0.000131152840097	0.01692
510.0	1.97927657466	0.011063081351	2.12943	0.000122391768979	0.01668
532.0	1.6420152584	0.0110011973475	1.7879	0.000121026343078	0.016605
555.0	1.45773965455	0.010369258509	1.56967	0.000107521522026	0.014415
650.0	0.905610563738	0.00950707911966	0.96689	9.03845533875e-05	0.015115
676.0	1.3259858871	0.0103772325633	1.39987	0.000107686955673	0.0152
715.0	0.718448278688	0.0087384711226	0.75037	7.63608775604e-05	0.012635
