wl	a_mean	a_std	a_median	a_var	a_IQR
412.0	7.47469088705	22.5587407463	4.23612	508.89678406	0.0087125
440.0	4.55139458589	16.9560799754	2.4389	287.508648131	0.005235
488.0	2.66568753284	12.7586052912	1.09933	162.782008976	0.0046425
510.0	2.48744440767	12.7934897243	0.81396	163.673379326	0.0030825
532.0	2.78311776766	15.7875156474	0.62811	249.245650316	0.0035
555.0	2.42040573903	14.3860573571	0.47211	206.958646282	0.0039625
650.0	1.91429878383	12.7400661109	0.1806	162.30928451	0.0032975
676.0	1.89469558919	12.7676466265	0.167315	163.012800378	0.003245
715.0	1.62964808185	10.8611981288	0.095055	117.965624793	0.002905
