wl	c_mean	c_std	c_median	c_var	c_IQR
412.0	10.029430850174444	0.1198536914735742	9.83438	0.014364907359842713	0.041039999999998855
440.0	6.407555598406963	0.1164447140420789	6.3259	0.013559371428341528	0.04018999999999995
488.0	3.4213701304683366	0.11831117354558356	3.47741	0.013997533785733192	0.035040000000000404
510.0	2.766299342595167	0.1312678539616015	2.81503	0.01723124948368434	0.039470000000000116
532.0	2.2572275458615034	0.12297559099181465	2.3763400000000003	0.015122995979786084	0.03999000000000042
555.0	1.8870570052792432	0.12171760987159545	1.96439	0.014815176552853903	0.041510000000000165
650.0	1.0675021518940453	0.13698795408292927	1.1591	0.01876569956382674	0.03936000000000006
676.0	0.9602303366984659	0.13055074493096114	1.06311	0.017043497002028885	0.04047999999999985
715.0	0.8407571739372054	0.12995548986478944	0.93346	0.01688842934599739	0.04007000000000005
