wl	a_mean	a_std	a_median	a_var	a_IQR
412.0	6.4553851785995	0.022043373008971603	7.0743	0.0004859102936126577	0.032079999999998776
440.0	4.261320067353675	0.0204439497112451	4.618530000000002	0.0004179550797959186	0.02560000000000073
488.0	2.319987339754384	0.022006772889281438	2.5150200000000003	0.0004842980530004122	0.033509999999999714
510.0	1.8910139889090953	0.0194812739094872	2.04078	0.00037952003313646655	0.026469999999999768
532.0	1.5361298102871508	0.018202404640286524	1.68206	0.0003313275346887244	0.02905000000000002
555.0	1.299911964706675	0.016506704989219176	1.4115	0.00027247130960111323	0.021869999999999837
650.0	0.8635103699961832	0.022223855829057653	0.93281	0.0004938997679107399	0.04183999999999999
676.0	1.0640401681596718	0.01847911112799553	1.13683	0.00034147754808080825	0.02881
715.0	0.6421544909184795	0.01738339959009769	0.6794399999999999	0.0003021825813090085	0.03308000000000011
