wl	c_mean	c_std	c_median	c_var	c_IQR
412.0	7.050282462887209	0.05240251774901394	6.881469999999998	0.002746023866435721	0.05806499999999915
440.0	6.03740949853887	0.04600551658479567	5.98187	0.0021165075562339093	0.05452499999999905
488.0	4.764976504188583	0.04548011411980685	4.8457300000000005	0.0020684407803506547	0.04683499999999974
510.0	4.368701316968634	0.041732392632046325	4.44344	0.0017415925947952742	0.045380000000000635
532.0	3.9749977771283835	0.03932033201339378	4.12015	0.0015460885096435196	0.04335500000000003
555.0	3.663709132281318	0.032402521864447774	3.767630000000001	0.001049923423176016	0.03656499999999952
650.0	2.776554448860316	0.032626864413723165	2.89426	0.0010645122814714751	0.035995000000000665
676.0	2.6003836524449637	0.030732384693678106	2.73237	0.0009444794689602203	0.03343499999999988
715.0	2.3424984085330225	0.027709177693627348	2.46302	0.0007677985284570152	0.0329900000000003
