wl	a_mean	a_std	a_median	a_var	a_IQR
412.0	61.5530214498	53.7665808359	72.80865	2890.84521478	111.835965
440.0	66.6046345568	58.765746123	71.79967	3453.4129174	124.414455
488.0	68.2210250697	60.8557386314	72.77114	3703.42092437	129.4525125
510.0	68.8940854409	60.9269995556	88.744615	3712.09927485	128.8648625
532.0	67.2160547136	59.7360910077	86.776085	3568.40056889	126.1744425
555.0	67.8785717306	60.3300385221	87.941345	3639.71354808	127.4963825
650.0	65.6022690969	59.8952887831	59.818965	3587.44561841	129.0316825
676.0	65.8025641558	60.0399512125	60.16862	3604.7957416	129.3912325
715.0	67.2159689605	60.9791282151	62.49756	3718.45407788	131.56421
