wl	c_mean	c_std	c_median	c_var	c_IQR
412.0	1.4416548636534845	0.004612716214340634	1.271865	2.1277150874040993e-05	0.006385000000000307
440.0	0.8631259958568736	0.0037299518696311492	0.806045	1.391254094976491e-05	0.004664999999999918
488.0	0.4162546015065913	0.0039488609492906255	0.49677	1.559350279683246e-05	0.004507499999999998
510.0	0.32590803804143126	0.0036977751230541384	0.402305	1.3673540860678045e-05	0.004427499999999972
532.0	0.2618297043314505	0.0034134700076600593	0.40609	1.1651777493194765e-05	0.0040899999999999825
555.0	0.21877890546139353	0.003647700408440254	0.321785	1.3305718269735194e-05	0.004627500000000007
650.0	0.12547894387947284	0.003549493683827567	0.24577	1.2598905411531795e-05	0.0046650000000000025
676.0	0.1130820693032015	0.003606140867938465	0.24562	1.3004251959415982e-05	0.0049000000000000155
715.0	0.1011825495291903	0.003902187343636313	0.23953000000000002	1.5227066064835424e-05	0.0049524999999999994
