wl	a_mean	a_std	a_median	a_var	a_IQR
412.0	3.96453202205	0.0175196362083	4.587475	0.000306937652872	0.0277075
440.0	2.33928473089	0.0105640999969	2.70037	0.000111600208745	0.0172625
488.0	1.09353652284	0.00530798724543	1.2914	2.81747285976e-05	0.0077575
510.0	0.824681312673	0.00404844372776	0.977555	1.63898966168e-05	0.0055575
532.0	0.617387407657	0.00335315651463	0.766065	1.12436586116e-05	0.0043625
555.0	0.472211604026	0.00278812562367	0.58613	7.77364449339e-06	0.0036675
650.0	0.160633083828	0.00188336451166	0.223345	3.54706188377e-06	0.00264
676.0	0.120017074191	0.00190613779591	0.19516	3.63336129699e-06	0.00246
715.0	0.0891252418482	0.00164428715951	0.118675	2.70368026293e-06	0.0021175
