wl	c_mean	c_std	c_median	c_var	c_IQR
412.0	3.80904285551	0.00659871382601	3.6393	4.35430241576e-05	0.01104
440.0	2.26594108475	0.00622629416649	2.21014	3.87667390476e-05	0.01095
488.0	1.0793891267	0.00502438358682	1.1604	2.52444304275e-05	0.00827
510.0	0.833107582816	0.00489424734336	0.90973	2.3953657058e-05	0.00874
532.0	0.644647910052	0.00494244308309	0.78923	2.44277436296e-05	0.0087
555.0	0.528571462997	0.004944110955	0.63217	2.44442331353e-05	0.00875
650.0	0.265481629468	0.0042327712888	0.38601	1.79163527833e-05	0.00723
676.0	0.227943154891	0.00473011406344	0.36195	2.23739790531e-05	0.00808
715.0	0.212353800135	0.00421848302124	0.32083	1.77955990005e-05	0.00724
