wl	c_mean	c_std	c_median	c_var	c_IQR
412.0	3.82826385254	0.00568604593773	3.65766	3.2331118406e-05	0.00473
440.0	2.26855853475	0.00599551589311	2.21029	3.59462108246e-05	0.0052375
488.0	1.07091444873	0.0059252147661	1.14976	3.51081700244e-05	0.00606
510.0	0.821429849152	0.00536734780372	0.895785	2.88084224461e-05	0.0059825
532.0	0.63210156822	0.00518408999943	0.775395	2.68747891222e-05	0.0059975
555.0	0.513603611017	0.00499659639518	0.61569	2.49659755363e-05	0.0065425
650.0	0.250463666102	0.00482208752827	0.369825	2.32525281303e-05	0.0061875
676.0	0.212153191525	0.00482182114017	0.34507	2.32499591078e-05	0.0066875
715.0	0.196649430085	0.0047015651406	0.305385	2.21047147713e-05	0.0061075
