wl	a_mean	a_std	a_median	a_var	a_IQR
412.0	8.784069063444797	0.35826004881807044	9.305235	0.1283502625791262	0.4308424999999989
440.0	5.360673736065916	0.3355054191425973	5.63532	0.11256388627404988	0.4097000000000008
488.0	2.6183434877333904	0.3160895356447633	2.7407250000000003	0.0999125945441221	0.4183875000000001
510.0	2.055766050855086	0.3357285941495852	2.131615	0.1127136889296569	0.3813400000000001
532.0	1.6211230361882338	0.34709063965233505	1.69313	0.12047191213426707	0.3767925000000001
555.0	1.3134482710194104	0.32258039415205075	1.354745	0.1040581106912924	0.3877125000000001
650.0	0.6808230565556557	0.31189709159004697	0.6783100000000001	0.09727979574233014	0.3269725
676.0	0.6266319141914187	0.3023876608337689	0.62848	0.09143829742451848	0.3657225
715.0	0.5549755622677648	0.31919431939304954	0.51603	0.10188501353279213	0.3211625
