wl	a_mean	a_std	a_median	a_var	a_IQR
412.0	1.984729927563445	0.10517462605935866	2.56414	0.011061701966725923	0.04216499999999978
440.0	1.380058324684191	0.10490028930383756	1.6987849999999998	0.011004070696028814	0.04491249999999969
488.0	0.7878232276658699	0.10300180404615956	0.944725	0.01060937163676345	0.04112000000000016
510.0	0.636210784397406	0.09766266345676236	0.749495	0.009537995833468822	0.039457500000000034
532.0	0.5081499124843523	0.09742213703947666	0.6169	0.009491072785338572	0.04304000000000019
555.0	0.43676250540571326	0.09588252620927984	0.5110600000000001	0.009193458832273236	0.042825
650.0	0.2875237493456242	0.09915813370270214	0.31021	0.009832335479402954	0.03961500000000001
676.0	0.31074670729486736	0.09703321356548417	0.346725	0.00941544453484486	0.037737500000000035
715.0	0.22722029219301212	0.09626838875187843	0.21619000000000002	0.009267602672882796	0.03425000000000003
