wl	a_mean	a_std	a_median	a_var	a_IQR
412.0	9.26747241205	0.0296472514999	9.8816	0.000878959521501	0.040105
440.0	5.58992298589	0.0201576280367	5.94573	0.000406329968065	0.02743
488.0	2.57343388284	0.0145129069597	2.7687	0.000210624468421	0.014395
510.0	1.93111240767	0.0126837669248	2.08238	0.000160877943403	0.0135075
532.0	1.44344296766	0.0123925238616	1.59042	0.000153574647659	0.0133675
555.0	1.10716566403	0.0130360455487	1.218505	0.000169938483549	0.0132175
650.0	0.413891833828	0.0123735080374	0.47495	0.00015310370115	0.01364
676.0	0.357024114191	0.011929252883	0.430205	0.000142307074346	0.0144275
715.0	0.248050281848	0.0113245938481	0.26991	0.000128246425825	0.01295
