wl	c_mean	c_std	c_median	c_var	c_IQR
412.0	40.242310134	12.5176251303	36.75844	156.690938902	1.6328
440.0	28.2498604726	14.8457693917	24.58073	220.396868831	1.44869
488.0	17.7476172548	16.0638699724	13.85105	258.047918491	1.329985
510.0	15.3107435561	16.8942642311	11.18632	285.416163912	1.307025
532.0	12.965367208	15.7394141918	9.15942	247.729159102	1.2848
555.0	11.3988716452	15.1078558375	7.70839	228.247308008	1.198505
650.0	7.51506255185	14.3378507925	4.0518	205.573965348	1.239905
676.0	7.0352601617	15.2793119042	3.33194	233.457372265	1.069795
715.0	6.8640578407	17.1649277364	2.78067	294.634744194	1.421195
