wl	a_mean	a_std	a_median	a_var	a_IQR
412.0	9.267472412046205	0.029647251499949432	9.8816	0.0008789595215012538	0.040105000000002285
440.0	5.589922985891084	0.02015762803666481	5.94573	0.0004063299680645351	0.027429999999999843
488.0	2.5734338828382834	0.014512906959704959	2.7687	0.00021062446842105265	0.014394999999999937
510.0	1.9311124076732655	0.012683766924809155	2.08238	0.00016087794340288264	0.013507499999999784
532.0	1.4434429676567655	0.012392523861552492	1.5904200000000002	0.00015357464765914787	0.0133675000000002
555.0	1.1071656640264023	0.013036045548741841	1.218505	0.00016993848354887194	0.01321749999999966
650.0	0.413891833828383	0.012373508037350446	0.47495	0.00015310370115037607	0.013639999999999984
676.0	0.35702411419141916	0.011929252882970696	0.4302050000000001	0.00014230707434586466	0.014427500000000038
715.0	0.2480502818481849	0.011324593848106045	0.26991	0.0001282464258245613	0.012949999999999963
