wl	c_mean	c_std	c_median	c_var	c_IQR
412.0	24.17914290305647	0.057980723401105674	23.69382	0.003361764286115522	0.08905999999999993
440.0	19.485915718318868	0.056311420951540715	19.2026	0.003170976129581618	0.08769000000000204
488.0	15.782269557414725	0.0572212609893859	15.6392	0.0032742727092154172	0.08888500000000121
510.0	14.818531400228954	0.05704853603919177	14.7111	0.0032545354642149627	0.08580500000000058
532.0	14.021951086236129	0.06041721386275922	13.93361	0.0036502397309383853	0.08426999999999829
555.0	13.22309554918617	0.060742418728716635	13.1293	0.003689641433014745	0.08958499999999958
650.0	11.53032096943562	0.0690177412109135	11.45334	0.004763448601856628	0.10394499999999952
676.0	11.241877766674408	0.06626807625642854	11.17776	0.004391457930727828	0.09853999999999807
715.0	10.787280925538603	0.06883975592136163	10.7019	0.004738911995312644	0.09812000000000154
