wl	c_mean	c_std	c_median	c_var	c_IQR
412.0	3.4161756173372995	0.1132108600749528	2.9146150000000004	0.012816698838910543	0.18809499999999968
440.0	2.6051656651941486	0.1135541158463284	2.300125	0.012894537225641371	0.18810499999999972
488.0	2.0275818491308937	0.11384813005690687	1.86123	0.012961396717454386	0.18768499999999969
510.0	1.8948159760235577	0.116043487684704	1.76319	0.013466091034030049	0.1921250000000001
532.0	1.7925049628669305	0.11766943487625713	1.6787599999999998	0.013846095904097716	0.19691750000000008
555.0	1.7277190355004974	0.11588522497859575	1.611145	0.013429385368339758	0.1935024999999997
650.0	1.6300400813086218	0.1190249621565568	1.5271299999999999	0.01416694161636978	0.20018249999999996
676.0	1.6634749222126184	0.11851948813248825	1.573955	0.014046869067187018	0.2004675
715.0	1.649367118665771	0.12132767743467275	1.533245	0.014720405311692003	0.20421749999999966
