wl	c_mean	c_std	c_median	c_var	c_IQR
412.0	10.6450581054	0.216435252498	10.522695	0.046844218524	0.36621
440.0	6.62971684036	0.12938935345	6.590975	0.0167416047862	0.21366
488.0	3.34145491028	0.0568051169493	3.41665	0.00322682131162	0.07095
510.0	2.62937115543	0.0516056231649	2.698825	0.00266314034223	0.0449225
532.0	2.08956441161	0.0493523152592	2.226445	0.00243565102144	0.03893
555.0	1.70526612515	0.0382021773049	1.8007	0.00145940635084	0.036915
650.0	0.85802272395	0.042386728931	0.970155	0.00179663478947	0.042615
676.0	0.753195155202	0.0403492180549	0.878705	0.00162805939764	0.0439575
715.0	0.651529249031	0.0433709412006	0.7563	0.00188103854063	0.0456425
