wl	c_mean	c_std	c_median	c_var	c_IQR
412.0	4.00721010082	0.162093060838	3.780985	0.0262741603718	0.1127375
440.0	3.24392889509	0.162562390812	3.12812	0.0264265309066	0.11533
488.0	2.46507545821	0.167141208163	2.4838	0.0279361834663	0.11357
510.0	2.23808894915	0.163938084576	2.25529	0.0268756955743	0.1112225
532.0	2.02107240356	0.16525143085	2.102955	0.0273080353981	0.111905
555.0	1.86791529895	0.162207924094	1.912505	0.0263114106388	0.108605
650.0	1.41842562127	0.168654238874	1.481055	0.0284442522902	0.1206025
676.0	1.36014145704	0.167042587171	1.435255	0.0279032259288	0.117165
715.0	1.24726432232	0.168784671194	1.30391	0.0284882652302	0.1169425
