wl	c_mean	c_std	c_median	c_var	c_IQR
412.0	9.95676310649	0.039007408111	9.782405	0.00152157788754	0.04117
440.0	6.34418255843	0.0433278133263	6.282195	0.00187729940764	0.04373
488.0	3.36159402241	0.0444654649486	3.43616	0.00197717757309	0.04626
510.0	2.70658725836	0.0431922857698	2.774675	0.00186557355002	0.048065
532.0	2.1967836919	0.0400839587882	2.332655	0.00160672375214	0.046365
555.0	1.8342752926	0.0425678001648	1.92933	0.00181201761087	0.046985
650.0	1.01408680821	0.0413949741121	1.127905	0.00171354388174	0.0473725
676.0	0.908643649415	0.0428257086266	1.03918	0.00183404131937	0.05224
715.0	0.789472693243	0.0404172842895	0.9009	0.00163355686934	0.040175
