wl	a_mean	a_std	a_median	a_var	a_IQR
412.0	11.072334082117894	0.18144022225576564	11.66555	0.03292055425222163	0.2143549999999994
440.0	8.77564649153625	0.17783612485407133	9.107565	0.03162568730311285	0.2200624999999992
488.0	6.03387571258738	0.16034811673659244	6.202730000000002	0.025711518540971874	0.17624500000000065
510.0	5.266240066006594	0.15320045805276267	5.39411	0.023470380347576297	0.17112000000000016
532.0	4.540750635757127	0.1421192530078925	4.65685	0.02019788207552136	0.15540999999999985
555.0	4.0290343142056155	0.13600951431926342	4.123094999999999	0.018498587985361924	0.15041749999999965
650.0	3.413759789204729	0.13698546387347468	3.4545250000000003	0.018765017312631038	0.14155249999999994
676.0	3.6307783299620273	0.13991284153710346	3.687615	0.019575603226986614	0.14708249999999978
715.0	2.6424828725291856	0.12464934059244268	2.6382700000000003	0.015537458110130775	0.11681499999999988
