wl	c_mean	c_std	c_median	c_var	c_IQR
412.0	64.8230648734	13.050900304	61.356315	170.325998744	14.1516125
440.0	52.3239172242	17.062445878	46.799765	291.12705934	14.02919
488.0	40.8452974004	18.9348725413	35.137725	358.529398157	13.8302675
510.0	37.3602036469	17.6339237687	32.544715	310.955267482	13.5206425
532.0	34.9826584537	17.4837850901	29.684035	305.682741077	14.30323
555.0	33.5759001726	17.9269948665	28.73184	321.377144944	13.36853
650.0	29.0260373382	17.5756461336	24.11022	308.903337014	12.9846075
676.0	26.7942094682	17.3964906121	22.294395	302.637885618	12.1127675
715.0	26.8141923051	18.7036895176	21.804825	349.828001571	13.05939
