wl	c_mean	c_std	c_median	c_var	c_IQR
412.0	40.901133286	8.51233770836	38.137885	72.4598932612	4.903425
440.0	28.8861640319	8.5045899266	26.010465	72.3280498196	4.9915825
488.0	18.438656843	8.32240536347	15.66039	69.2624310339	4.520555
510.0	15.7274483995	7.86365553639	13.3002	61.8370783951	4.5903275
532.0	13.9551565746	8.10590787435	11.333355	65.7057424675	5.0285375
555.0	12.5357432666	8.0235216903	9.99703	64.3769003147	4.6575725
650.0	8.92086198473	7.78242812216	6.34861	60.5661874765	4.794755
676.0	8.17309945116	7.53209186738	5.805455	56.7324078986	4.41504
715.0	7.69852840447	7.36705737616	5.331035	54.2735343837	4.333485
