wl	c_mean	c_std	c_median	c_var	c_IQR
412.0	10.0294308502	0.119853691474	9.83438	0.0143649073598	0.04104
440.0	6.40755559841	0.116444714042	6.3259	0.0135593714283	0.04019
488.0	3.42137013047	0.118311173546	3.47741	0.0139975337857	0.03504
510.0	2.76629934259	0.131267853962	2.81503	0.0172312494837	0.03947
532.0	2.25722754586	0.122975590992	2.37634	0.0151229959798	0.03999
555.0	1.88705700528	0.121717609872	1.96439	0.0148151765529	0.04151
650.0	1.06750215189	0.136987954083	1.1591	0.0187656995638	0.03936
676.0	0.960230336695	0.130550744931	1.06311	0.017043497002	0.04048
715.0	0.840757173937	0.129955489865	0.93346	0.016888429346	0.04007
