wl	c_mean	c_std	c_median	c_var	c_IQR
412.0	8.79676400354	0.100558892313	8.60707	0.0101120908231	0.09881
440.0	6.77048096493	0.0993345181176	6.6973	0.00986734648965	0.09217
488.0	4.95951964186	0.0949532625723	5.02207	0.00901612207313	0.09064
510.0	4.48390142841	0.0801572886171	4.5427	0.00642519091845	0.08189
532.0	4.0662802138	0.0825818302456	4.19128	0.00681975868672	0.07665
555.0	3.75880577162	0.0874548379677	3.84588	0.00764834868396	0.07702
650.0	2.93474801526	0.0748348496956	3.04033	0.00560025472896	0.069465
676.0	2.78189816433	0.0784374197017	2.89836	0.00615242880946	0.074955
715.0	2.60075862152	0.0721095648384	2.7053	0.00519978934119	0.065685
