wl	c_mean	c_std	c_median	c_var	c_IQR
412.0	2.070573726821754	1.6918259219385745	1.6159350000000001	2.862274950143307	0.007935000000000247
440.0	1.438504647938664	1.6748098396286255	1.09262	2.8049879989168622	0.0053800000000001616
488.0	0.93607552572438	1.57875112747665	0.722225	2.4924551225087934	0.005717499999999931
510.0	0.833311430305536	1.3423765141477364	0.611525	1.8019747057354283	0.005792499999999978
532.0	0.7633666752602501	1.2728858580169076	0.5959800000000001	1.6202384075394387	0.005162500000000071
555.0	0.6769417851854631	1.1065205077229192	0.5044350000000001	1.2243876340113868	0.005397499999999944
650.0	0.5448607088954862	1.0391326536771297	0.39068	1.079796671938073	0.004975000000000064
676.0	0.5399038950730959	1.1005961059435443	0.38425	1.2113117884180935	0.005270000000000052
715.0	0.5199345489871853	1.1987469728714089	0.35211	1.436994304968366	0.0044225000000000505
