wl	a_mean	a_std	a_median	a_var	a_IQR
412.0	8.8473049286	0.514388564878	9.36146	0.264595595677	0.61338
440.0	5.4783081514	0.494356908354	5.73344	0.244388752837	0.51952
488.0	2.78108489279	0.471679933825	2.87499	0.222481959973	0.61344
510.0	2.26455951748	0.4873333363	2.30468	0.23749378067	0.61412
532.0	1.85132841214	0.488230258821	1.89216	0.238368785629	0.61053
555.0	1.54156426041	0.465509126897	1.55921	0.216698747224	0.54996
650.0	0.968061448388	0.480604730575	0.9173	0.230980907051	0.59413
676.0	0.887609147464	0.4918669246	0.84499	0.241933071515	0.54811
715.0	0.8143942323	0.453792004118	0.73942	0.205927183002	0.55966
