wl	a_mean	a_std	a_median	a_var	a_IQR
412.0	1.35346010649	0.00556177451276	1.97489	3.09333357308e-05	0.00786
440.0	0.780742533111	0.00360657503867	1.140955	1.30073835095e-05	0.0051025
488.0	0.339713338394	0.00296391709798	0.537525	8.78480456372e-06	0.00402
510.0	0.250452310451	0.00231786895242	0.404025	5.37251648057e-06	0.0032075
532.0	0.183804989879	0.00256067005594	0.332355	6.55703113536e-06	0.0034275
555.0	0.137738997359	0.00248599138784	0.251595	6.1801531804e-06	0.003235
650.0	0.0455121060504	0.00221059869838	0.108285	4.8867466053e-06	0.0027675
676.0	0.0324968253024	0.00221126516832	0.107255	4.88969364464e-06	0.00303
715.0	0.0234085485149	0.00191119937972	0.072655	3.65268306904e-06	0.0027175
