wl	c_mean	c_std	c_median	c_var	c_IQR
412.0	23.2740894781	0.624783472116	23.02863	0.39035438703	0.71489
440.0	20.3299127359	0.628833128701	20.17744	0.395431103752	0.67835
488.0	17.1117408035	0.593768959564	17.102265	0.352561577341	0.627465
510.0	16.1133083368	0.572915768498	16.115085	0.328232477794	0.6141775
532.0	15.1735703955	0.544777764754	15.24791	0.296782812971	0.5910525
555.0	14.3703237463	0.541515296179	14.39348	0.293238815996	0.55805
650.0	12.0908923111	0.500908588478	12.133475	0.250909414011	0.536345
676.0	11.685834038	0.498155097908	11.748435	0.248158501572	0.5273475
715.0	10.7351797508	0.463025208632	10.798515	0.214392343829	0.4971525
