wl	a_mean	a_std	a_median	a_var	a_IQR
412.0	3.75297805555	0.111081059134	4.35795	0.0123390016984	0.070835
440.0	2.80513648813	0.102830440973	3.1477	0.0105740995907	0.055405
488.0	1.72857457796	0.0946541147834	1.90897	0.00895940144543	0.040965
510.0	1.44435052129	0.0921090014794	1.57763	0.00848406815354	0.036085
532.0	1.18525931563	0.0920603942759	1.31325	0.00847511619423	0.033395
555.0	1.01180286566	0.091571503078	1.10436	0.00838534017596	0.030295
650.0	0.698699324478	0.088071227209	0.7382	0.00775654106211	0.023395
676.0	0.701235133703	0.0872349408975	0.75277	0.0076099349134	0.023385
715.0	0.522674872092	0.0886901176809	0.53086	0.00786593697424	0.020635
