wl	c_mean	c_std	c_median	c_var	c_IQR
412.0	1.77430508455	0.00317396851103	1.60413	1.0074076109e-05	0.0046
440.0	1.14183625755	0.0025863672567	1.08455	6.68929558653e-06	0.00417
488.0	0.63626978067	0.00247000853825	0.7162	6.10094217905e-06	0.00381
510.0	0.531024195612	0.00253552321768	0.60678	6.42887798738e-06	0.00383
532.0	0.447036992653	0.00242806151677	0.5912	5.8954827292e-06	0.00403
555.0	0.39779270351	0.00234077700797	0.5006	5.47923700103e-06	0.00374
650.0	0.267677841456	0.00263530041118	0.3877	6.94480825715e-06	0.00403
676.0	0.248168579344	0.0021776450311	0.38092	4.74213788147e-06	0.00314
715.0	0.230559418399	0.00258054290638	0.34927	6.65920169167e-06	0.00393
