wl	a_mean	a_std	a_median	a_var	a_IQR
412.0	4.53523776744	0.0261938231368	5.15261	0.000686116370525	0.02961
440.0	2.84330394083	0.0268700119362	3.19951	0.000721997541449	0.02645
488.0	1.4097529537	0.0252091148767	1.6036	0.000635499472865	0.02386
510.0	1.08394168277	0.0248106934899	1.23313	0.000615570511448	0.02198
532.0	0.829713413964	0.0235919980933	0.97545	0.000556582374034	0.02054
555.0	0.653657230094	0.0235724939024	0.76433	0.000555662468777	0.02196
650.0	0.285825449497	0.0210296188066	0.34566	0.00044224486715	0.01932
676.0	0.26322173455	0.0223085643144	0.33552	0.000497672041768	0.02066
715.0	0.179897134543	0.0218912449265	0.2038	0.000479226604431	0.0153
