wl	c_mean	c_std	c_median	c_var	c_IQR
412.0	1.48022150037	0.00516610313274	1.31106	2.66886215781e-05	0.0061475
440.0	0.896010302137	0.00488362794138	0.839555	2.38498218698e-05	0.0052025
488.0	0.445724575903	0.00477632846144	0.52666	2.28133135716e-05	0.0058625
510.0	0.352408970891	0.00446513036202	0.42954	1.99373891499e-05	0.004815
532.0	0.288680071481	0.00458577726756	0.43352	2.10293531477e-05	0.00516
555.0	0.244099856669	0.00440381209452	0.347665	1.93935609638e-05	0.0045175
650.0	0.149172400885	0.00457740459637	0.269685	2.09526328389e-05	0.0062125
676.0	0.13342336109	0.00411663126448	0.26627	1.69466529677e-05	0.005075
715.0	0.121164348563	0.00442181022462	0.259965	1.95524056626e-05	0.0056925
