wl	c_mean	c_std	c_median	c_var	c_IQR
412.0	4.55687265693	0.0142235678654	4.38864	0.000202309882822	0.0217175
440.0	2.829858633	0.012589896251	2.773895	0.000158505487611	0.019125
488.0	1.48946247636	0.0120970651508	1.57132	0.000146338985263	0.017675
510.0	1.19437476933	0.0113429166152	1.271395	0.000128661757339	0.016795
532.0	0.96439933883	0.0110150958101	1.10997	0.000121332335707	0.0157075
555.0	0.807842704877	0.0110836581614	0.9121	0.00012284747824	0.01684
650.0	0.440897641541	0.0103382576949	0.562595	0.000106879572167	0.0156325
676.0	0.386994285385	0.00945147691658	0.520945	8.93304159047e-05	0.014215
715.0	0.345516037541	0.0100072460156	0.464845	0.000100144972816	0.0142975
