wl	a_mean	a_std	a_median	a_var	a_IQR
412.0	15.5422559582	2.92128664038	15.92892	8.53391563525	3.93268
440.0	11.9904776641	2.68357374867	12.25896	7.20156806453	4.12599
488.0	9.29474006223	2.77555757217	9.22455	7.70371983642	3.85748
510.0	8.58728039679	2.75705876912	8.6991	7.60137305636	4.18723
532.0	8.25131547351	2.73781023366	8.26114	7.49560487552	3.82964
555.0	7.82046158719	2.62933744216	7.68774	6.91341538476	3.42146
650.0	7.19445461971	2.64053518191	7.05296	6.97242604692	3.76062
676.0	6.9901021432	2.60537779977	6.895	6.78799347955	3.963
715.0	6.85702201875	2.68573931674	6.63645	7.21319567748	3.52001
