wl	c_mean	c_std	c_median	c_var	c_IQR
412.0	6.97604014223	0.0734131336906	6.798815	0.00538948819828	0.07789
440.0	5.97333445932	0.0660042472177	5.91111	0.00435656065078	0.074335
488.0	4.70910147528	0.0559457282119	4.784835	0.00312992450516	0.06337
510.0	4.31914114503	0.0617696075444	4.389265	0.00381548441619	0.0596925
532.0	3.92942883377	0.0607630979699	4.068465	0.0036921540749	0.0592
555.0	3.62116183628	0.0504502199623	3.71945	0.00254522469424	0.05367
650.0	2.74203764651	0.049962102708	2.856955	0.002496211707	0.048895
676.0	2.5694145465	0.047495267491	2.69583	0.00225580043405	0.04541
715.0	2.31462593739	0.0486926922917	2.43062	0.00237097828261	0.041165
