wl	a_mean	a_std	a_median	a_var	a_IQR
412.0	4.76489575131	0.0471736651816	5.37007	0.00222535468667	0.0271875
440.0	2.91555781585	0.0501528923948	3.25674	0.00251531261557	0.02454
488.0	1.45997501507	0.0356764796473	1.644275	0.00127281120002	0.0205225
510.0	1.1288991087	0.0307155956761	1.271785	0.000943447817738	0.019825
532.0	0.870770782537	0.0314730564121	1.00839	0.000990553279921	0.019345
555.0	0.685017061547	0.0268359617093	0.790475	0.000720168840862	0.0157325
650.0	0.294792126803	0.0254450002513	0.34958	0.000647448037789	0.015075
676.0	0.261596996836	0.0294342453367	0.32646	0.000866374798544	0.017105
715.0	0.197263647137	0.0191439138325	0.21776	0.000366489436826	0.01508
