wl	a_mean	a_std	a_median	a_var	a_IQR
412.0	3.78113362132	0.0068704034948	4.40291	4.72024441814e-05	0.009385
440.0	2.25222039914	0.00405972520273	2.61244	1.64813687217e-05	0.005665
488.0	1.01994843506	0.00317380987257	1.21769	1.00730691072e-05	0.00417
510.0	0.75591699377	0.00250586567056	0.90923	6.27936275888e-06	0.003235
532.0	0.555319674707	0.00249879877037	0.70392	6.24399529479e-06	0.00341
555.0	0.414072927211	0.00265111094146	0.52773	7.02838922396e-06	0.00339
650.0	0.117406116726	0.00190111809297	0.18016	3.61425000342e-06	0.0025
676.0	0.0806985460454	0.00193659573061	0.15548	3.7504030238e-06	0.002875
715.0	0.0529879857642	0.00175904796787	0.1006	3.09424975326e-06	0.00244
