wl	c_mean	c_std	c_median	c_var	c_IQR
412.0	4.4517950735	0.00439485491398	4.28189	1.93147497149e-05	0.0058725
440.0	2.72681461396	0.0041288537913	2.66957	1.704743363e-05	0.00641
488.0	1.39199903541	0.00378970050457	1.471995	1.43618299144e-05	0.005835
510.0	1.09998712441	0.00371019583111	1.175785	1.37655531052e-05	0.0056325
532.0	0.87414577535	0.00406201223815	1.01813	1.64999434229e-05	0.0059
555.0	0.719755478886	0.00341931703196	0.8225	1.16917289651e-05	0.005125
650.0	0.35921994892	0.00362328725039	0.479085	1.31282104988e-05	0.0059625
676.0	0.309062914205	0.00365820999982	0.441875	1.33825004028e-05	0.00577
715.0	0.269224150446	0.00331047783367	0.38848	1.09592634872e-05	0.005045
