wl	a_mean	a_std	a_median	a_var	a_IQR
412.0	8.844067008098827	0.021423344371747425	9.46381	0.00045895968407048206	0.02244500000000116
440.0	5.360272627996352	0.017683871163827473	5.71764	0.00031271929933884883	0.02130499999999991
488.0	2.515570224943545	0.021078527760947763	2.7093	0.0004443043325690455	0.021122500000000155
510.0	1.9049439037258993	0.021165961182113224	2.0536250000000003	0.0004479979127627238	0.02159000000000022
532.0	1.437812159762029	0.01937737535260761	1.58338	0.00037548267555584483	0.018852499999999942
555.0	1.1139239811316664	0.019272760861382483	1.2235550000000002	0.00037143931122003617	0.021447500000000064
650.0	0.45097371145996196	0.021666174648722298	0.51058	0.00046942312390893683	0.02094499999999999
676.0	0.3915334931387873	0.01865134554309699	0.464085	0.00034787269056800403	0.02131749999999993
715.0	0.28975292263765834	0.017372137730377782	0.3169150000000001	0.0003017911693232152	0.0192
