wl	a_mean	a_std	a_median	a_var	a_IQR
412.0	0.6579227139874738	0.004463500809990656	0.658	1.9922839480787236e-05	0.005804999999999949
440.0	0.3937284551148228	0.0026629004135567793	0.39361999999999997	7.091038612520866e-06	0.003730000000000011
488.0	0.22367225469728608	0.0023883877744066175	0.22366999999999998	5.704396160934994e-06	0.0034299999999999886
510.0	0.17696296450939444	0.0019920655321830744	0.177	3.9683250845118355e-06	0.0028849999999999987
532.0	0.16847784968684748	0.00207727658304408	0.16845	4.315078002463288e-06	0.0029599999999999904
555.0	0.13202636743215024	0.0021170625220932326	0.1321	4.481953722451758e-06	0.002965000000000023
650.0	0.08058713987473902	0.0017491617727278313	0.08075	3.0595669071723697e-06	0.0023150000000000115
676.0	0.0896165135699374	0.0017769835270365912	0.08966	3.157670455359404e-06	0.0024949999999999972
715.0	0.06007983298538619	0.0016724007413984818	0.0603	2.796924239830191e-06	0.002349999999999998
