wl	c_mean	c_std	c_median	c_var	c_IQR
412.0	0.3052482581967211	0.026989449852154904	0.30001500000000003	0.0007284304033219844	0.015510000000000024
440.0	0.3900833196721312	0.025633228447871758	0.3862	0.0006570624006607819	0.019205000000000028
488.0	0.4820586782786885	0.02398439888215755	0.48025	0.0005752513897384402	0.021464999999999956
510.0	0.45718426229508224	0.022854165432346887	0.45618499999999995	0.0005223128776090793	0.02267749999999996
532.0	0.5121698053278693	0.021798416175422823	0.5112049999999999	0.00047517094775693534	0.020230000000000026
555.0	0.4594673155737706	0.021554787913993366	0.458755	0.00046460888201723446	0.020795000000000008
650.0	0.4475072745901636	0.020619837238543146	0.44758	0.0004251776877440106	0.023182499999999995
676.0	0.44550157786885286	0.019727003940845523	0.44740499999999994	0.00038915468448213477	0.024285
715.0	0.44363980532786856	0.019824179757028725	0.444345	0.00039299810303898753	0.02411749999999996
