wl	c_mean	c_std	c_median	c_var	c_IQR
412.0	-0.47153032258064564	0.06055701121557299	-0.4747549999999999	0.003667151607363033	0.01937500000000003
440.0	-0.27593823588709704	0.0639183998246049	-0.280735	0.004085561836138051	0.015484999999999971
488.0	-0.13695706653225811	0.0651294384153456	-0.14206	0.004241843748298296	0.013840000000000019
510.0	-0.08466266129032249	0.06423563725547317	-0.08777499999999999	0.004126217093616733	0.019180000000000016
532.0	-0.043082510080645196	0.05887043802717543	-0.043875	0.0034657284735115034	0.026480000000000004
555.0	-0.058968034274193636	0.05818513104166611	-0.061579999999999996	0.003385509474335857	0.021352499999999996
650.0	0.017770756048387085	0.030388971885260477	0.022555	0.0009234896122431518	0.0340675
676.0	-0.02860603830645155	0.0288139632545832	-0.027295	0.0008302444784364708	0.019090000000000003
715.0	-0.0032097983870967802	0.02766512057132065	0.0037700000000000003	0.0007653588962257088	0.0250925
