wl	c_mean	c_std	c_median	c_var	c_IQR
412.0	0.9889916145833327	6.571522862109183	-0.165575	43.18491272722367	0.00502749999999999
440.0	1.1286813541666663	6.7735695966487315	-0.05397999999999999	45.88124508064406	0.0036850000000000077
488.0	1.2302312326388893	6.662432483168112	0.08060500000000001	44.38800659277361	0.003375000000000017
510.0	1.2207943229166671	6.619531643773354	0.076815	43.818199182916764	0.0028325000000000156
532.0	1.2196581770833326	6.139978641734667	0.14502500000000002	37.699337720957885	0.003049999999999997
555.0	1.195975277777778	6.1776952025785485	0.1026	38.16391801596201	0.003092500000000012
650.0	1.194002864583334	6.4069320223904445	0.11839	41.04877793953211	0.002924999999999983
676.0	1.2154077256944442	6.17900934994269	0.13159	38.18015654667918	0.002845000000000014
715.0	1.1641245659722224	5.957996705601974	0.12832000000000002	35.49772474396397	0.0027900000000000147
