wl	a_mean	a_std	a_median	a_var	a_IQR
412.0	9.131096986607139	0.25091838260821014	9.138125	0.06296003473072014	0.01313999999999993
440.0	5.374081607142854	0.0531215504713545	5.3752200000000006	0.0028218991244806637	0.004749999999999588
488.0	2.401268102678571	0.015993671769189664	2.4013400000000003	0.0002557975366605744	0.0037975000000005643
510.0	1.773148660714286	0.012077160095203024	1.77245	0.00014585779596516433	0.003227500000000161
532.0	1.3343056026785711	0.01846386166421935	1.333625	0.00034091418755542903	0.003370000000000095
555.0	0.9953635937499996	0.019681245272281468	0.995085	0.0003873514154677016	0.0035850000000000604
650.0	0.3167675223214282	0.022540656479315684	0.316415	0.0005080811945185162	0.0025149999999999895
676.0	0.2577284375000001	0.02552675187984628	0.2572	0.0006516150615352355	0.0028149999999999564
715.0	0.15345863839285726	0.02383086374477369	0.15325	0.0005679100668219692	0.0023825000000000096
