wl	a_mean	a_std	a_median	a_var	a_IQR
412.0	0.6577510457516342	0.01433285172748281	0.65735	0.000205430638642007	0.0069749999999999535
440.0	0.39666117647058824	0.005826008086899247	0.39659	3.3942370228615426e-05	0.004544999999999966
488.0	0.2285874074074074	0.00464439423918132	0.22851	2.1570397848940633e-05	0.003820000000000018
510.0	0.18087751633986923	0.007087058407741007	0.18128	5.0226396874732497e-05	0.003149999999999986
532.0	0.17373050108932464	0.007532700702893059	0.17393	5.6741579879365586e-05	0.0032749999999999724
555.0	0.13788727668845305	0.0058274546893906255	0.13805	3.395922815690079e-05	0.0035600000000000076
650.0	0.08378856209150329	0.004385826529528817	0.08406	1.923547434711879e-05	0.002715000000000009
676.0	0.09536705882352939	0.0041779289936009645	0.09542	1.7455090675571572e-05	0.0026449999999999946
715.0	0.06163581699346409	0.003476183398959849	0.061689999999999995	1.208385102320405e-05	0.002799999999999997
