wl	a_mean	a_std	a_median	a_var	a_IQR
412.0	9.46587871287	0.0407158975887	9.46197	0.00165778431645	0.0244675
440.0	5.71525834158	0.0466583353277	5.709475	0.00217700025556	0.0197625
488.0	2.69962259901	0.0345917262792	2.695095	0.00119658752698	0.0163975
510.0	2.04380764851	0.0314295310338	2.03946	0.000987815421008	0.0160875
532.0	1.57345435644	0.0432564058835	1.567645	0.00187111664996	0.015835
555.0	1.21479564356	0.0393714991932	1.208485	0.00155011494872	0.0167725
650.0	0.497707920792	0.0345632385949	0.492215	0.00119461746217	0.014705
676.0	0.44995240099	0.0257921486876	0.44527	0.000665234933923	0.0137425
715.0	0.301736064356	0.0237811689292	0.298265	0.000565543995639	0.01466
