wl	a_mean	a_std	a_median	a_var	a_IQR
412.0	42.78122931283914	47.85864720809065	7.005955	2290.450112588483	97.1656775
440.0	44.55231586799272	51.99362742153341	4.518585	2703.337292449231	101.3195275
488.0	44.89724764918621	54.2580353902626	2.397495	2943.9344044109885	106.12542
510.0	44.59471393309217	54.304988404140644	1.9114849999999999	2949.0317655738495	107.86540500000001
532.0	43.22762570524413	53.297590766074705	1.545165	2840.6331814679716	105.79379250000001
555.0	43.587627947558815	53.91513278281352	1.2566599999999999	2906.8415429884135	107.235535
650.0	43.183329855334414	54.138838771475	0.7942100000000001	2931.0138635237645	104.64186500000001
676.0	43.36212356238694	54.290657481994074	0.820435	2947.475489827199	104.99647749999998
715.0	44.17841499999994	55.27068623689141	0.53725	3054.848757096897	107.344
