wl	c_mean	c_std	c_median	c_var	c_IQR
412.0	0.011641633986928095	0.004944343482920222	0.01097	2.4446532477095673e-05	0.005755
440.0	0.12317344226579519	0.004625089910897578	0.12228	2.139145668388656e-05	0.005469999999999989
488.0	0.2530752723311544	0.004668867165967214	0.25219	2.1798320613446728e-05	0.005749999999999977
510.0	0.24011699346405233	0.004331819975882032	0.23926	1.876466430345061e-05	0.005014999999999992
532.0	0.3120581917211329	0.004296476112466684	0.31159000000000003	1.845970698499683e-05	0.004794999999999994
555.0	0.2697026579520695	0.004502642154296446	0.2691	2.0273786369647334e-05	0.005574999999999997
650.0	0.2841366448801745	0.0043059979071331	0.28383	1.854161797623464e-05	0.005569999999999964
676.0	0.2920103703703705	0.004823496312298098	0.29136999999999996	2.326611667475335e-05	0.0061049999999999716
715.0	0.29138945533769073	0.004085033703375907	0.29122	1.668750035771708e-05	0.005085000000000006
