wl	c_mean	c_std	c_median	c_var	c_IQR
412.0	0.012370603621730378	0.014019324507814752	0.01542	0.00019654145965541535	0.0190375
440.0	0.1115788229376258	0.013758461394445018	0.11391	0.00018929525994243395	0.0194675
488.0	0.23175102615694157	0.012556744200938984	0.233855	0.00015767182492781482	0.01721499999999998
510.0	0.22405379275653903	0.012088326162341836	0.22667	0.0001461276294071581	0.01579500000000003
532.0	0.29213420523138817	0.012087000683411007	0.295095	0.00014609558552077816	0.01610250000000002
555.0	0.24685712273641838	0.011601268299375928	0.24958000000000002	0.00013458942615410482	0.016154999999999975
650.0	0.26057114688128774	0.01029889424409791	0.26263499999999995	0.00010606722265111304	0.01482
676.0	0.267118370221328	0.009797229090139269	0.26966999999999997	9.598569784467111e-05	0.012717499999999993
715.0	0.2560669818913481	0.00966480467946036	0.25787499999999997	9.340844949211887e-05	0.013855000000000006
