wl	a_mean	a_std	a_median	a_var	a_IQR
412.0	0.66216149750416	0.00425062376839099	0.66196	1.806780242041042e-05	0.005919999999999925
440.0	0.3907593178036603	0.0027385842511230417	0.39066999999999996	7.499843700499152e-06	0.0033999999999999586
488.0	0.22336680532445907	0.002477089241503344	0.22329000000000002	6.135971110371612e-06	0.00269999999999998
510.0	0.17778798668885207	0.0021102681756487397	0.17778	4.453231773155861e-06	0.0024200000000000055
532.0	0.1694986356073211	0.0021730758083102725	0.16954	4.722258468663344e-06	0.0026499999999999857
555.0	0.1329536772046587	0.002144190979280883	0.13285	4.597554955629512e-06	0.002630000000000021
650.0	0.08072848585690519	0.0019394573648874845	0.08064	3.7614948702163052e-06	0.0021999999999999936
676.0	0.09309164725457565	0.0019228105597527306	0.09301	3.697200448696609e-06	0.0023200000000000165
715.0	0.05704279534109811	0.0017195339988045958	0.05699	2.9567971730449237e-06	0.0019700000000000065
