	wl	a_mean	a_std	a_median	a_IQR
0	412.0	4.40273315927	0.0068704034948	4.40291	0.009385
1	440.0	2.61235148825	0.00405972520273	2.61244	0.005665
2	488.0	1.21754005222	0.00317380987257	1.21769	0.00417
3	510.0	0.909330261097	0.00250586567056	0.90923	0.003235
4	532.0	0.70379310705	0.00249879877037	0.70392	0.00341
5	555.0	0.527942663185	0.00265111094146	0.52773	0.00339
6	650.0	0.180127832898	0.00190111809297	0.18016	0.0025
7	676.0	0.155426631854	0.00193659573061	0.15548	0.002875
8	715.0	0.100409503916	0.00175904796787	0.1006	0.00244
