	wl	a_mean	a_std	a_median	a_var	a_IQR
0	412.0	4.3745775935	0.111081059134	4.35795	0.0123390016984	0.070835
1	440.0	3.16526757724	0.102830440973	3.1477	0.0105740995907	0.055405
2	488.0	1.92616619512	0.0946541147834	1.90897	0.00895940144543	0.040965
3	510.0	1.59740378862	0.0921090014794	1.57763	0.00848406815354	0.036085
4	532.0	1.33373274797	0.0920603942759	1.31325	0.00847511619423	0.033395
5	555.0	1.12567260163	0.091571503078	1.10436	0.00838534017596	0.030295
6	650.0	0.76142104065	0.088071227209	0.7382	0.00775654106211	0.023395
7	676.0	0.776323219512	0.0872349408975	0.75277	0.0076099349134	0.023385
8	715.0	0.555156390244	0.0886901176809	0.53086	0.00786593697424	0.020635
