	wl	c_mean	c_std	c_median	c_var	c_IQR
0	412.0	4.38678550439	0.0142235678654	4.38864	0.000202309882822	0.0217175
1	440.0	2.77250554825	0.012589896251	2.773895	0.000158505487611	0.019125
2	488.0	1.56948105263	0.0120970651508	1.57132	0.000146338985263	0.017675
3	510.0	1.27001182018	0.0113429166152	1.271395	0.000128661757339	0.016795
4	532.0	1.10838574561	0.0110150958101	1.10997	0.000121332335707	0.0157075
5	555.0	0.91056504386	0.0110836581614	0.9121	0.00012284747824	0.01684
6	650.0	0.560747675439	0.0103382576949	0.562595	0.000106879572167	0.0156325
7	676.0	0.51967879386	0.00945147691658	0.520945	8.93304159047e-05	0.014215
8	715.0	0.463346732456	0.0100072460156	0.464845	0.000100144972816	0.0142975
