	wl	a_mean	a_std	a_median	a_IQR
0	412.0	0.662353493282	0.00522457157651	0.66242	0.0071
1	440.0	0.397752802303	0.00285368638399	0.39782	0.00412
2	488.0	0.231181631478	0.00237255084782	0.23122	0.0032
3	510.0	0.184620211132	0.00214471106032	0.18473	0.00292
4	532.0	0.177148291747	0.00235367347077	0.17717	0.00331
5	555.0	0.140394241843	0.0023569009662	0.14045	0.00325
6	650.0	0.0941733973129	0.00184952690768	0.09418	0.00221
7	676.0	0.0998570825336	0.00184355298971	0.10001	0.00243
8	715.0	0.0749825335893	0.00169574844813	0.07499	0.00234
