	wl	a_mean	a_std	a_median	a_IQR
0	412.0	0.659653469388	0.00736937917369	0.65894	0.0075475
1	440.0	0.394747478134	0.00593124114449	0.39399	0.005385
2	488.0	0.221822259475	0.00538920716483	0.221315	0.0044625
3	510.0	0.174536880466	0.00456553235984	0.17415	0.0035375
4	532.0	0.167655116618	0.00484732068978	0.1672	0.0036675
5	555.0	0.131014825073	0.00454503208841	0.13064	0.0039175
6	650.0	0.0777920991254	0.00384809858768	0.07741	0.0033325
7	676.0	0.08800303207	0.0036265686449	0.087605	0.0030125
8	715.0	0.059127696793	0.00360294444893	0.05869	0.0029825
