	wl	a_mean	a_std	a_median	a_IQR
0	412.0	0.662161497504	0.00425062376839	0.66196	0.00592
1	440.0	0.390759317804	0.00273858425112	0.39067	0.0034
2	488.0	0.223366805324	0.0024770892415	0.22329	0.0027
3	510.0	0.177787986689	0.00211026817565	0.17778	0.00242
4	532.0	0.169498635607	0.00217307580831	0.16954	0.00265
5	555.0	0.132953677205	0.00214419097928	0.13285	0.00263
6	650.0	0.0807284858569	0.00193945736489	0.08064	0.0022
7	676.0	0.0930916472546	0.00192281055975	0.09301	0.00232
8	715.0	0.0570427953411	0.0017195339988	0.05699	0.00197
