mean	std
0.409469810988	0.353247425244
0.393516123855	0.346318886001
0.383942810727	0.334154575388
0.373642938054	0.335589424092
0.37302413413	0.33053717885
0.360354183547	0.322662095035
0.311367358832	0.321729587847
0.308871738361	0.331946244282
0.302730980565	0.313280409538
