mean	std
4.64471970094	0.343521702189
4.4523673043	0.350895225133
3.63849424192	0.314507105009
3.26196999342	0.297233333813
2.89457995924	0.271730239401
2.56939448349	0.255740640636
2.48749972803	0.257103404691
2.34998040712	0.262907070997
1.91245285523	0.22542803811
