mean	std
0.456312443633	0.729553154995
0.27795885607	0.629622595171
0.104636772833	0.582808521644
0.027699224116	0.605402231373
-0.0230886815123	0.611320633786
-0.0632410663349	0.578758125089
-0.0918374593677	0.583604482528
-0.174002174744	0.588243155749
-0.129786453768	0.564900257332
