mean	std
5.08290100821	22.5605455856
4.23904917379	16.9568059528
3.69398765042	12.759434825
3.64467475226	12.794680057
3.79075787048	15.7904146106
3.56585173921	14.3884947434
3.02399582946	12.7413512165
2.87677860744	12.7682905384
2.72908457333	10.8618682602
