mean	std
0.769275931223	0.456447786793
0.762709147267	0.280294685748
0.696606416753	0.214142597784
0.687125096423	0.207461943223
0.66342608927	0.203143368042
0.654923874642	0.202338552595
0.483982179954	0.189162602593
0.595578679866	0.199099837967
0.457677740087	0.190364182023
