mean	std
0.723034960627	0.456187780593
0.662475861103	0.279776922679
0.601932318682	0.213733587294
0.570090334428	0.206749817404
0.545811817245	0.202499335577
0.514207332615	0.201424153552
0.406741239303	0.188935814501
0.362527020902	0.198438940888
0.372653742215	0.189919177412
