wl	c_mean	c_std	c_median	c_var	c_IQR
412.0	0.324961036269	0.00621967396678	0.32403	3.8684344253e-05	0.0075
440.0	0.400595613126	0.00459050672609	0.39972	2.10727520023e-05	0.007535
488.0	0.493008583765	0.00433570319698	0.49272	1.87983222123e-05	0.005935
510.0	0.467631053541	0.00385306399834	0.46723	1.48461021753e-05	0.00608
532.0	0.52166224525	0.00351337697771	0.5217	1.23438177875e-05	0.00511
555.0	0.469193696028	0.00400092806935	0.46896	1.60074254161e-05	0.006005
650.0	0.445343108808	0.00519593060162	0.44551	2.69976948169e-05	0.00619
676.0	0.451285457686	0.00400590536266	0.45092	1.60472777746e-05	0.005585
715.0	0.437272072539	0.00503155821293	0.43741	2.53165780501e-05	0.006195
