wl	c_mean	c_std	c_median	c_var	c_IQR
412.0	3.63895570297	0.00659871382601	3.6393	4.35430241576e-05	0.01104
440.0	2.208588	0.00622629416649	2.21014	3.87667390476e-05	0.01095
488.0	1.15940770297	0.00502438358682	1.1604	2.52444304275e-05	0.00827
510.0	0.908504633663	0.00489424734336	0.90973	2.3953657058e-05	0.00874
532.0	0.788634316832	0.00494244308309	0.78923	2.44277436296e-05	0.0087
555.0	0.63129380198	0.004944110955	0.63217	2.44442331353e-05	0.00875
650.0	0.385331663366	0.0042327712888	0.38601	1.79163527833e-05	0.00723
676.0	0.360867663366	0.00473011406344	0.36195	2.23739790531e-05	0.00808
715.0	0.32022449505	0.00421848302124	0.32083	1.77955990005e-05	0.00724
