	wl	c_mean	c_std	c_median	c_var	c_IQR
0	412.0	8.93456439909	0.0290087258607	8.92932	0.000841506176059	0.05442
1	440.0	6.63791882086	0.036078706525	6.63011	0.00130167306452	0.07193
2	488.0	4.64992612245	0.0342600154457	4.64254	0.00117374865834	0.07059
3	510.0	4.13353068027	0.0344080093608	4.12562	0.00118391110817	0.06805
4	532.0	3.77533099773	0.0335859338374	3.76888	0.00112801495173	0.06554
5	555.0	3.40815011338	0.033298688798	3.40017	0.00110880267567	0.06534
6	650.0	2.64870147392	0.0282510747962	2.64396	0.000798123227141	0.05584
7	676.0	2.55020614512	0.0316876401645	2.54344	0.0010041065392	0.05959
8	715.0	2.31484707483	0.0262656285479	2.3109	0.000689883243015	0.04896
