mean	std
1.7790556045277484	0.35167054988832014
1.8039855095366861	0.3510052980626536
1.8262005984815657	0.35162732156527665
1.8402731769894003	0.35453987683094296
1.8587817004737914	0.3534071729855061
1.8546982851748526	0.3518425030149925
1.8786505658197266	0.3551897305414153
1.8600085821304675	0.3620459562045713
1.8653465199093544	0.3639821308025178
