mean	std
3.7335529475957174	1.014508850613394
3.5020451522065823	0.7888210536508011
3.2352155010475934	0.6263179076438407
3.193990077683007	0.5807820616785518
3.263942621294127	0.5622432397345508
3.048715951757795	0.5274998850957608
2.8831999943668087	0.4797331203136725
2.579907447310256	0.43732515006242884
2.562461763861947	0.42590648570782547
