mean	std
2.7188825229514144	0.30014066704671877
2.633251881814248	0.3054347660225999
2.63354370146906	0.3050330366559099
2.6785544919843947	0.3004952423079156
2.778016011527786	0.30347184328976196
2.7175554097308208	0.3069700161327682
2.7705543932002836	0.3172450345762838
2.5935167831196715	0.3124378596478734
2.662299580014033	0.3211602151456901
